Price,Address,Beds,Baths,Property_Type_1.0,Property_Type_2.0,Property_Type_3.0,Property_Type_4.0,Property_Type_5.0,Property_Type_6.0
250000,365000,1,1,0.0,1.0,0.0,0.0,0.0,0.0
825000,518500,5,3,1.0,0.0,0.0,0.0,0.0,0.0
275000,320000,2,2,0.0,1.0,0.0,0.0,0.0,0.0
195000,355000,1,1,0.0,1.0,0.0,0.0,0.0,0.0
625000,632000,2,2,0.0,1.0,0.0,0.0,0.0,0.0
295000,343000,2,1,0.0,1.0,0.0,0.0,0.0,0.0
835000,632000,3,1,0.0,0.0,0.0,0.0,1.0,0.0
1200000,605000,3,3,0.0,1.0,0.0,0.0,0.0,0.0
315000,632000,1,1,0.0,1.0,0.0,0.0,0.0,0.0
495000,410000,3,1,1.0,0.0,0.0,0.0,0.0,0.0
245000,355000,2,1,0.0,1.0,0.0,0.0,0.0,0.0
285000,304000,1,1,0.0,1.0,0.0,0.0,0.0,0.0
239950,315000,3,1,0.0,0.0,0.0,1.0,0.0,0.0
275000,304000,2,1,0.0,0.0,0.0,1.0,0.0,0.0
400000,343000,3,1,0.0,0.0,0.0,1.0,0.0,0.0
895000,510000,5,3,0.0,0.0,0.0,0.0,0.0,1.0
370000,275000,4,3,0.0,0.0,0.0,1.0,0.0,0.0
239000,275000,2,1,0.0,0.0,0.0,0.0,1.0,0.0
525000,518500,3,1,1.0,0.0,0.0,0.0,0.0,0.0
299000,433000,2,1,0.0,1.0,0.0,0.0,0.0,0.0
160000,355000,1,1,0.0,1.0,0.0,0.0,0.0,0.0
325000,365000,2,1,0.0,0.0,0.0,1.0,0.0,0.0
950000,605000,3,3,0.0,1.0,0.0,0.0,0.0,0.0
315000,347500,3,1,0.0,0.0,0.0,1.0,0.0,0.0
250000,275000,3,2,1.0,0.0,0.0,0.0,0.0,0.0
276000,410000,2,2,0.0,1.0,0.0,0.0,0.0,0.0
995000,343000,3,3,0.0,0.0,0.0,1.0,0.0,0.0
940000,632000,4,1,0.0,0.0,0.0,0.0,1.0,0.0
395000,400000,3,3,0.0,0.0,0.0,1.0,0.0,0.0
295000,304000,2,1,0.0,1.0,0.0,0.0,0.0,0.0
295000,433000,3,1,0.0,0.0,0.0,1.0,0.0,0.0
450000,304000,2,2,0.0,1.0,0.0,0.0,0.0,0.0
395000,340000,4,3,0.0,0.0,0.0,0.0,0.0,1.0
275000,246000,3,1,0.0,0.0,0.0,1.0,0.0,0.0
275000,343000,1,1,0.0,1.0,0.0,0.0,0.0,0.0
695000,347500,4,1,0.0,0.0,1.0,0.0,0.0,0.0
595000,510000,3,2,0.0,0.0,1.0,0.0,0.0,0.0
259000,343000,2,1,0.0,1.0,0.0,0.0,0.0,0.0
280000,352750,2,2,0.0,1.0,0.0,0.0,0.0,0.0
450000,340000,4,3,1.0,0.0,0.0,0.0,0.0,0.0
235000,340000,2,2,0.0,1.0,0.0,0.0,0.0,0.0
445000,510000,3,1,0.0,0.0,0.0,1.0,0.0,0.0
425000,433000,3,1,0.0,0.0,0.0,0.0,1.0,0.0
610000,410000,5,4,1.0,0.0,0.0,0.0,0.0,0.0
525000,365000,2,1,0.0,0.0,0.0,1.0,0.0,0.0
595000,632000,2,2,0.0,0.0,0.0,0.0,0.0,1.0
695000,560000,3,1,1.0,0.0,0.0,0.0,0.0,0.0
525000,632000,2,1,0.0,0.0,0.0,1.0,0.0,0.0
650000,510000,4,2,0.0,0.0,0.0,0.0,1.0,0.0
239950,304000,1,1,0.0,1.0,0.0,0.0,0.0,0.0
1075000,632000,4,3,0.0,0.0,0.0,0.0,0.0,1.0
399000,340000,4,3,0.0,0.0,0.0,0.0,0.0,1.0
375000,355000,6,3,0.0,0.0,0.0,0.0,1.0,0.0
285000,632000,1,1,0.0,1.0,0.0,0.0,0.0,0.0
325000,595000,2,2,0.0,1.0,0.0,0.0,0.0,0.0
360000,433000,3,1,0.0,0.0,0.0,0.0,1.0,0.0
675000,433000,3,2,0.0,0.0,0.0,1.0,0.0,0.0
225000,355000,1,1,0.0,1.0,0.0,0.0,0.0,0.0
425000,632000,2,1,0.0,0.0,0.0,1.0,0.0,0.0
795000,605000,3,2,0.0,0.0,0.0,1.0,0.0,0.0
645000,632000,2,2,0.0,1.0,0.0,0.0,0.0,0.0
525000,304000,2,2,0.0,1.0,0.0,0.0,0.0,0.0
515000,510000,3,2,0.0,1.0,0.0,0.0,0.0,0.0
625000,320000,3,2,0.0,0.0,0.0,0.0,1.0,0.0
495000,400000,3,1,1.0,0.0,0.0,0.0,0.0,0.0
395000,560000,2,1,0.0,0.0,0.0,0.0,0.0,1.0
520000,355000,2,2,0.0,1.0,0.0,0.0,0.0,0.0
525000,343000,4,2,0.0,0.0,0.0,0.0,1.0,0.0
210000,304000,2,1,0.0,0.0,0.0,0.0,1.0,0.0
250000,355000,2,1,0.0,1.0,0.0,0.0,0.0,0.0
300000,433000,3,1,0.0,0.0,0.0,1.0,0.0,0.0
340000,347500,3,2,1.0,0.0,0.0,0.0,0.0,0.0
450000,340000,3,3,0.0,0.0,0.0,1.0,0.0,0.0
265000,400000,2,1,0.0,1.0,0.0,0.0,0.0,0.0
795000,355000,4,3,1.0,0.0,0.0,0.0,0.0,0.0
1500000,632000,4,2,1.0,0.0,0.0,0.0,0.0,0.0
325000,340000,3,2,1.0,0.0,0.0,0.0,0.0,0.0
1600000,518500,4,3,0.0,0.0,0.0,0.0,0.0,1.0
1650000,632000,4,4,0.0,0.0,0.0,1.0,0.0,0.0
295000,400000,2,1,0.0,1.0,0.0,0.0,0.0,0.0
425000,365000,4,3,0.0,0.0,0.0,1.0,0.0,0.0
745000,518500,4,1,1.0,0.0,0.0,0.0,0.0,0.0
525000,375000,2,1,0.0,1.0,0.0,0.0,0.0,0.0
399000,375000,2,2,0.0,1.0,0.0,0.0,0.0,0.0
285000,246000,2,2,0.0,0.0,0.0,1.0,0.0,0.0
395000,410000,3,3,0.0,0.0,0.0,1.0,0.0,0.0
350000,433000,2,1,0.0,1.0,0.0,0.0,0.0,0.0
275000,340000,2,2,0.0,1.0,0.0,0.0,0.0,0.0
239000,246000,2,2,0.0,0.0,0.0,0.0,1.0,0.0
225000,355000,3,1,1.0,0.0,0.0,0.0,0.0,0.0
370000,340000,3,3,0.0,0.0,0.0,1.0,0.0,0.0
259000,410000,2,2,0.0,1.0,0.0,0.0,0.0,0.0
3975000,605000,5,4,0.0,0.0,0.0,0.0,0.0,1.0
595000,365000,6,2,0.0,0.0,0.0,1.0,0.0,0.0
650000,510000,2,2,0.0,1.0,0.0,0.0,0.0,0.0
525000,605000,3,3,0.0,1.0,0.0,0.0,0.0,0.0
400000,343000,1,1,0.0,0.0,0.0,1.0,0.0,0.0
575000,510000,4,3,1.0,0.0,0.0,0.0,0.0,0.0
395000,365000,2,1,0.0,0.0,0.0,1.0,0.0,0.0
265000,355000,2,2,0.0,1.0,0.0,0.0,0.0,0.0
395000,304000,3,2,0.0,0.0,0.0,0.0,1.0,0.0
300000,343000,2,1,0.0,1.0,0.0,0.0,0.0,0.0
525000,275000,3,3,0.0,0.0,0.0,0.0,0.0,1.0
345000,375000,2,1,0.0,1.0,0.0,0.0,0.0,0.0
750000,605000,3,4,0.0,0.0,0.0,1.0,0.0,0.0
3950000,595000,7,10,0.0,0.0,0.0,0.0,0.0,1.0
245000,605000,1,1,0.0,0.0,0.0,1.0,0.0,0.0
825000,632000,3,3,0.0,0.0,0.0,1.0,0.0,0.0
370000,355000,3,2,1.0,0.0,0.0,0.0,0.0,0.0
285000,605000,1,1,0.0,1.0,0.0,0.0,0.0,0.0
249000,246000,3,1,0.0,0.0,0.0,1.0,0.0,0.0
575000,343000,3,2,0.0,0.0,0.0,0.0,1.0,0.0
398000,605000,3,1,0.0,0.0,0.0,1.0,0.0,0.0
650000,510000,2,2,0.0,1.0,0.0,0.0,0.0,0.0
399950,433000,3,1,0.0,0.0,0.0,1.0,0.0,0.0
524950,595000,3,2,1.0,0.0,0.0,0.0,0.0,0.0
1850000,347500,14,6,0.0,0.0,0.0,1.0,0.0,0.0
255000,315000,3,1,0.0,0.0,1.0,0.0,0.0,0.0
595000,365000,3,3,0.0,0.0,0.0,1.0,0.0,0.0
245000,355000,2,2,0.0,1.0,0.0,0.0,0.0,0.0
185000,315000,1,1,0.0,1.0,0.0,0.0,0.0,0.0
295000,410000,2,2,0.0,1.0,0.0,0.0,0.0,0.0
485000,355000,3,3,1.0,0.0,0.0,0.0,0.0,0.0
3150000,605000,4,4,1.0,0.0,0.0,0.0,0.0,0.0
1150000,410000,5,3,0.0,0.0,0.0,0.0,0.0,1.0
230000,433000,1,1,0.0,1.0,0.0,0.0,0.0,0.0
230000,365000,1,1,0.0,1.0,0.0,0.0,0.0,0.0
545000,518500,3,2,1.0,0.0,0.0,0.0,0.0,0.0
925000,320000,4,1,1.0,0.0,0.0,0.0,0.0,0.0
695000,343000,2,2,0.0,0.0,0.0,1.0,0.0,0.0
850000,595000,4,3,1.0,0.0,0.0,0.0,0.0,0.0
485000,375000,2,1,1.0,0.0,0.0,0.0,0.0,0.0
995000,632000,2,2,0.0,0.0,0.0,1.0,0.0,0.0
715000,355000,4,2,1.0,0.0,0.0,0.0,0.0,0.0
1975000,605000,4,4,0.0,0.0,0.0,0.0,1.0,0.0
460000,632000,2,1,0.0,1.0,0.0,0.0,0.0,0.0
399000,410000,4,2,0.0,0.0,0.0,0.0,1.0,0.0
250000,355000,2,2,0.0,1.0,0.0,0.0,0.0,0.0
315000,265000,3,1,0.0,0.0,0.0,1.0,0.0,0.0
450000,365000,3,1,0.0,0.0,0.0,1.0,0.0,0.0
479000,315000,3,2,1.0,0.0,0.0,0.0,0.0,0.0
595000,410000,4,1,1.0,0.0,0.0,0.0,0.0,0.0
575000,510000,3,2,1.0,0.0,0.0,0.0,0.0,0.0
750000,320000,4,2,0.0,0.0,0.0,1.0,0.0,0.0
210000,343000,1,1,0.0,1.0,0.0,0.0,0.0,0.0
335000,355000,3,2,1.0,0.0,0.0,0.0,0.0,0.0
320000,343000,2,2,0.0,0.0,0.0,0.0,1.0,0.0
1700000,410000,5,5,0.0,0.0,0.0,0.0,0.0,1.0
825000,343000,5,5,0.0,0.0,0.0,0.0,1.0,0.0
290000,343000,1,1,0.0,1.0,0.0,0.0,0.0,0.0
675000,595000,3,1,1.0,0.0,0.0,0.0,0.0,0.0
865000,632000,3,1,1.0,0.0,0.0,0.0,0.0,0.0
290000,355000,3,1,1.0,0.0,0.0,0.0,0.0,0.0
495000,400000,3,2,1.0,0.0,0.0,0.0,0.0,0.0
350000,320000,2,2,0.0,0.0,0.0,1.0,0.0,0.0
350000,320000,2,2,0.0,1.0,0.0,0.0,0.0,0.0
245000,347500,1,1,0.0,1.0,0.0,0.0,0.0,0.0
395000,595000,2,1,0.0,0.0,0.0,0.0,1.0,0.0
247000,347500,2,2,0.0,1.0,0.0,0.0,0.0,0.0
235000,352750,2,1,0.0,1.0,0.0,0.0,0.0,0.0
350000,304000,3,1,0.0,0.0,0.0,1.0,0.0,0.0
560000,510000,3,2,0.0,1.0,0.0,0.0,0.0,0.0
260000,275000,2,1,0.0,0.0,0.0,1.0,0.0,0.0
1200000,355000,7,3,0.0,0.0,0.0,0.0,0.0,1.0
275000,605000,1,1,0.0,1.0,0.0,0.0,0.0,0.0
400000,365000,3,1,0.0,0.0,0.0,0.0,1.0,0.0
1350000,433000,5,2,0.0,0.0,0.0,0.0,1.0,0.0
695000,510000,4,2,0.0,0.0,0.0,0.0,0.0,1.0
290000,315000,3,2,0.0,1.0,0.0,0.0,0.0,0.0
249000,340000,3,2,0.0,0.0,0.0,0.0,1.0,0.0
285000,355000,3,2,0.0,0.0,0.0,0.0,1.0,0.0
245000,365000,1,1,0.0,1.0,0.0,0.0,0.0,0.0
395000,632000,3,1,0.0,1.0,0.0,0.0,0.0,0.0
1200000,320000,8,7,0.0,0.0,0.0,1.0,0.0,0.0
495000,632000,3,1,0.0,1.0,0.0,0.0,0.0,0.0
350000,400000,3,1,0.0,0.0,0.0,1.0,0.0,0.0
925000,433000,3,3,1.0,0.0,0.0,0.0,0.0,0.0
390000,605000,2,1,1.0,0.0,0.0,0.0,0.0,0.0
295000,605000,2,1,0.0,0.0,1.0,0.0,0.0,0.0
1100000,632000,3,3,1.0,0.0,0.0,0.0,0.0,0.0
795000,343000,2,2,0.0,0.0,0.0,1.0,0.0,0.0
350000,433000,2,1,0.0,1.0,0.0,0.0,0.0,0.0
345000,632000,1,1,0.0,1.0,0.0,0.0,0.0,0.0
280000,410000,1,1,0.0,1.0,0.0,0.0,0.0,0.0
295000,400000,2,1,0.0,1.0,0.0,0.0,0.0,0.0
300000,340000,3,1,0.0,0.0,0.0,1.0,0.0,0.0
290000,632000,2,1,0.0,1.0,0.0,0.0,0.0,0.0
260000,320000,2,2,0.0,1.0,0.0,0.0,0.0,0.0
475000,365000,3,1,1.0,0.0,0.0,0.0,0.0,0.0
315000,343000,2,1,0.0,1.0,0.0,0.0,0.0,0.0
525000,365000,3,2,0.0,0.0,0.0,1.0,0.0,0.0
650000,605000,3,2,0.0,1.0,0.0,0.0,0.0,0.0
550000,400000,3,2,0.0,0.0,0.0,0.0,1.0,0.0
585000,632000,2,1,0.0,0.0,0.0,0.0,1.0,0.0
335000,595000,3,1,0.0,0.0,0.0,1.0,0.0,0.0
325000,632000,1,1,0.0,1.0,0.0,0.0,0.0,0.0
259950,510000,1,1,0.0,1.0,0.0,0.0,0.0,0.0
795000,595000,3,2,0.0,1.0,0.0,0.0,0.0,0.0
275000,605000,1,1,0.0,1.0,0.0,0.0,0.0,0.0
575000,510000,3,3,0.0,0.0,0.0,0.0,0.0,1.0
1250000,595000,5,4,0.0,0.0,0.0,0.0,0.0,1.0
800000,518500,7,3,0.0,0.0,0.0,0.0,0.0,1.0
430000,518500,3,1,0.0,0.0,0.0,1.0,0.0,0.0
695000,320000,3,4,0.0,0.0,0.0,1.0,0.0,0.0
265000,347500,2,1,0.0,0.0,0.0,1.0,0.0,0.0
242750,304000,1,1,0.0,1.0,0.0,0.0,0.0,0.0
285000,365000,2,2,0.0,1.0,0.0,0.0,0.0,0.0
240000,632000,1,1,0.0,1.0,0.0,0.0,0.0,0.0
320000,343000,1,1,0.0,1.0,0.0,0.0,0.0,0.0
250000,275000,3,1,0.0,0.0,0.0,1.0,0.0,0.0
595000,343000,3,2,0.0,0.0,0.0,1.0,0.0,0.0
585000,400000,4,2,1.0,0.0,0.0,0.0,0.0,0.0
1695000,605000,3,2,0.0,0.0,0.0,1.0,0.0,0.0
400000,632000,2,1,0.0,0.0,0.0,0.0,1.0,0.0
210000,340000,3,1,1.0,0.0,0.0,0.0,0.0,0.0
414950,410000,3,2,0.0,0.0,0.0,0.0,0.0,1.0
375000,518500,2,2,0.0,1.0,0.0,0.0,0.0,0.0
345000,343000,2,1,0.0,0.0,0.0,1.0,0.0,0.0
950000,605000,5,3,0.0,0.0,0.0,0.0,0.0,1.0
285000,560000,2,1,0.0,1.0,0.0,0.0,0.0,0.0
265000,315000,3,2,1.0,0.0,0.0,0.0,0.0,0.0
540000,375000,3,2,0.0,1.0,0.0,0.0,0.0,0.0
315000,347500,2,2,0.0,0.0,0.0,1.0,0.0,0.0
375000,365000,2,2,0.0,1.0,0.0,0.0,0.0,0.0
310000,433000,4,2,0.0,1.0,0.0,0.0,0.0,0.0
360000,632000,1,1,0.0,1.0,0.0,0.0,0.0,0.0
450000,275000,3,1,1.0,0.0,0.0,0.0,0.0,0.0
375000,320000,3,2,1.0,0.0,0.0,0.0,0.0,0.0
650000,632000,3,2,0.0,0.0,0.0,1.0,0.0,0.0
340000,355000,4,1,1.0,0.0,0.0,0.0,0.0,0.0
400000,433000,2,1,0.0,0.0,0.0,1.0,0.0,0.0
375000,632000,2,1,0.0,0.0,0.0,1.0,0.0,0.0
239950,340000,2,2,0.0,1.0,0.0,0.0,0.0,0.0
229950,275000,2,2,0.0,1.0,0.0,0.0,0.0,0.0
375000,355000,2,2,0.0,1.0,0.0,0.0,0.0,0.0
250000,410000,1,1,0.0,1.0,0.0,0.0,0.0,0.0
595000,560000,3,2,0.0,1.0,0.0,0.0,0.0,0.0
525000,355000,3,3,1.0,0.0,0.0,0.0,0.0,0.0
795000,320000,5,1,0.0,0.0,0.0,0.0,1.0,0.0
295000,347500,2,1,0.0,0.0,0.0,1.0,0.0,0.0
640000,518500,4,4,1.0,0.0,0.0,0.0,0.0,0.0
645000,510000,5,3,1.0,0.0,0.0,0.0,0.0,0.0
395000,433000,3,2,0.0,0.0,0.0,1.0,0.0,0.0
475000,365000,3,2,1.0,0.0,0.0,0.0,0.0,0.0
725000,433000,3,2,1.0,0.0,0.0,0.0,0.0,0.0
289000,340000,3,1,0.0,0.0,0.0,0.0,1.0,0.0
395000,365000,2,2,0.0,1.0,0.0,0.0,0.0,0.0
695000,632000,3,2,0.0,0.0,0.0,0.0,1.0,0.0
295000,400000,3,1,0.0,0.0,0.0,1.0,0.0,0.0
235000,410000,2,2,0.0,1.0,0.0,0.0,0.0,0.0
185000,355000,1,1,0.0,1.0,0.0,0.0,0.0,0.0
595000,365000,3,1,0.0,0.0,0.0,1.0,0.0,0.0
375000,595000,2,2,0.0,1.0,0.0,0.0,0.0,0.0
450000,518500,4,4,0.0,0.0,0.0,0.0,1.0,0.0
485000,595000,2,2,0.0,1.0,0.0,0.0,0.0,0.0
175000,275000,1,1,0.0,1.0,0.0,0.0,0.0,0.0
350000,400000,2,2,0.0,1.0,0.0,0.0,0.0,0.0
525000,347500,3,1,0.0,0.0,0.0,0.0,0.0,1.0
290000,343000,2,1,0.0,0.0,0.0,1.0,0.0,0.0
250000,320000,2,2,0.0,1.0,0.0,0.0,0.0,0.0
219950,315000,3,1,1.0,0.0,0.0,0.0,0.0,0.0
900000,410000,2,2,0.0,1.0,0.0,0.0,0.0,0.0
295000,343000,3,2,0.0,0.0,0.0,0.0,1.0,0.0
399000,518500,2,2,0.0,1.0,0.0,0.0,0.0,0.0
1400000,632000,3,4,0.0,1.0,0.0,0.0,0.0,0.0
370000,304000,2,2,0.0,1.0,0.0,0.0,0.0,0.0
850000,518500,3,2,0.0,0.0,0.0,0.0,0.0,1.0
745000,365000,4,2,0.0,0.0,0.0,1.0,0.0,0.0
285000,375000,1,1,0.0,1.0,0.0,0.0,0.0,0.0
385000,340000,3,2,1.0,0.0,0.0,0.0,0.0,0.0
450000,410000,3,2,0.0,0.0,0.0,1.0,0.0,0.0
380000,320000,3,1,1.0,0.0,0.0,0.0,0.0,0.0
220000,433000,2,1,0.0,0.0,0.0,1.0,0.0,0.0
295000,518500,2,2,0.0,1.0,0.0,0.0,0.0,0.0
595000,510000,4,3,1.0,0.0,0.0,0.0,0.0,0.0
275000,410000,2,2,0.0,1.0,0.0,0.0,0.0,0.0
295000,340000,3,1,0.0,0.0,0.0,0.0,0.0,1.0
750000,605000,4,1,1.0,0.0,0.0,0.0,0.0,0.0
445000,518500,3,3,0.0,0.0,0.0,1.0,0.0,0.0
1395000,410000,5,2,1.0,0.0,0.0,0.0,0.0,0.0
1750000,320000,6,8,0.0,0.0,0.0,0.0,0.0,1.0
295000,433000,2,1,0.0,0.0,0.0,1.0,0.0,0.0
400000,320000,3,2,0.0,0.0,0.0,1.0,0.0,0.0
725000,595000,4,2,1.0,0.0,0.0,0.0,0.0,0.0
415000,632000,2,1,0.0,0.0,0.0,1.0,0.0,0.0
485000,433000,3,2,0.0,0.0,0.0,1.0,0.0,0.0
550000,605000,2,1,1.0,0.0,0.0,0.0,0.0,0.0
649000,320000,4,2,0.0,0.0,0.0,1.0,0.0,0.0
285000,433000,1,1,0.0,0.0,0.0,1.0,0.0,0.0
625000,632000,2,2,0.0,0.0,0.0,0.0,1.0,0.0
325000,433000,2,1,0.0,1.0,0.0,0.0,0.0,0.0
265000,347500,2,1,0.0,0.0,0.0,1.0,0.0,0.0
1600000,605000,4,3,1.0,0.0,0.0,0.0,0.0,0.0
345000,343000,2,2,0.0,1.0,0.0,0.0,0.0,0.0
750000,433000,10,10,0.0,0.0,0.0,1.0,0.0,0.0
520000,510000,4,3,0.0,0.0,0.0,1.0,0.0,0.0
359500,632000,1,1,0.0,1.0,0.0,0.0,0.0,0.0
250000,320000,2,2,0.0,1.0,0.0,0.0,0.0,0.0
375000,320000,2,2,0.0,0.0,0.0,1.0,0.0,0.0
425000,355000,4,3,1.0,0.0,0.0,0.0,0.0,0.0
395000,595000,2,1,0.0,0.0,0.0,0.0,1.0,0.0
475000,632000,2,1,0.0,0.0,0.0,0.0,1.0,0.0
270000,320000,2,2,0.0,1.0,0.0,0.0,0.0,0.0
995000,605000,4,3,0.0,0.0,0.0,1.0,0.0,0.0
1500000,410000,4,2,0.0,0.0,0.0,0.0,0.0,1.0
320000,518500,2,2,0.0,1.0,0.0,0.0,0.0,0.0
360000,560000,2,2,0.0,1.0,0.0,0.0,0.0,0.0
290000,304000,2,1,0.0,1.0,0.0,0.0,0.0,0.0
435000,632000,2,1,0.0,1.0,0.0,0.0,0.0,0.0
440000,365000,3,1,0.0,0.0,0.0,1.0,0.0,0.0
985000,518500,3,3,0.0,1.0,0.0,0.0,0.0,0.0
260000,275000,2,2,0.0,0.0,0.0,1.0,0.0,0.0
240000,433000,1,1,0.0,1.0,0.0,0.0,0.0,0.0
325000,400000,2,1,0.0,0.0,0.0,0.0,1.0,0.0
895000,365000,5,2,0.0,0.0,0.0,0.0,0.0,1.0
2750000,632000,3,4,0.0,0.0,0.0,0.0,1.0,0.0
275000,410000,2,2,0.0,1.0,0.0,0.0,0.0,0.0
450000,375000,2,1,0.0,1.0,0.0,0.0,0.0,0.0
180000,355000,1,1,0.0,1.0,0.0,0.0,0.0,0.0
385000,347500,3,1,0.0,0.0,0.0,1.0,0.0,0.0
420000,355000,3,1,1.0,0.0,0.0,0.0,0.0,0.0
475000,355000,3,3,0.0,0.0,0.0,1.0,0.0,0.0
280000,340000,2,2,0.0,1.0,0.0,0.0,0.0,0.0
595000,510000,4,3,1.0,0.0,0.0,0.0,0.0,0.0
325000,343000,2,1,0.0,1.0,0.0,0.0,0.0,0.0
425000,632000,2,1,0.0,0.0,0.0,1.0,0.0,0.0
250000,304000,2,1,0.0,1.0,0.0,0.0,0.0,0.0
675000,632000,3,2,0.0,1.0,0.0,0.0,0.0,0.0
550000,560000,3,2,1.0,0.0,0.0,0.0,0.0,0.0
275000,400000,4,3,0.0,0.0,0.0,0.0,1.0,0.0
250000,632000,1,1,0.0,1.0,0.0,0.0,0.0,0.0
795000,605000,3,3,0.0,0.0,0.0,1.0,0.0,0.0
375000,400000,3,1,0.0,0.0,0.0,1.0,0.0,0.0
295000,343000,2,1,0.0,1.0,0.0,0.0,0.0,0.0
465000,518500,2,2,0.0,1.0,0.0,0.0,0.0,0.0
385000,355000,2,2,0.0,1.0,0.0,0.0,0.0,0.0
450000,365000,2,2,0.0,0.0,0.0,1.0,0.0,0.0
1200000,605000,3,3,0.0,1.0,0.0,0.0,0.0,0.0
550000,518500,3,1,1.0,0.0,0.0,0.0,0.0,0.0
425000,320000,3,1,0.0,0.0,0.0,1.0,0.0,0.0
380000,632000,1,1,0.0,0.0,0.0,1.0,0.0,0.0
225000,275000,1,1,0.0,1.0,0.0,0.0,0.0,0.0
295000,433000,3,1,0.0,0.0,0.0,1.0,0.0,0.0
350000,343000,2,2,0.0,1.0,0.0,0.0,0.0,0.0
245000,352750,2,1,0.0,1.0,0.0,0.0,0.0,0.0
235000,355000,2,2,0.0,1.0,0.0,0.0,0.0,0.0
300000,365000,2,2,1.0,0.0,0.0,0.0,0.0,0.0
3000000,632000,5,4,0.0,0.0,0.0,1.0,0.0,0.0
350000,343000,2,2,0.0,1.0,0.0,0.0,0.0,0.0
400000,347500,3,2,0.0,0.0,0.0,1.0,0.0,0.0
318000,265000,3,1,0.0,0.0,0.0,0.0,1.0,0.0
375000,410000,3,2,0.0,1.0,0.0,0.0,0.0,0.0
495000,433000,3,1,0.0,0.0,0.0,1.0,0.0,0.0
300000,518500,2,2,0.0,1.0,0.0,0.0,0.0,0.0
3800000,518500,24,16,0.0,1.0,0.0,0.0,0.0,0.0
1100000,595000,5,5,0.0,0.0,0.0,0.0,0.0,1.0
395000,410000,3,2,0.0,0.0,0.0,0.0,1.0,0.0
275000,365000,2,1,0.0,0.0,1.0,0.0,0.0,0.0
365000,304000,2,1,0.0,1.0,0.0,0.0,0.0,0.0
295000,365000,2,1,0.0,1.0,0.0,0.0,0.0,0.0
295000,632000,2,1,0.0,1.0,0.0,0.0,0.0,0.0
1475000,605000,6,6,0.0,0.0,0.0,1.0,0.0,0.0
545000,510000,3,1,1.0,0.0,0.0,0.0,0.0,0.0
525000,400000,3,2,1.0,0.0,0.0,0.0,0.0,0.0
239000,355000,2,2,0.0,0.0,0.0,1.0,0.0,0.0
1200000,343000,6,6,0.0,0.0,0.0,0.0,0.0,1.0
660000,595000,3,2,1.0,0.0,0.0,0.0,0.0,0.0
300000,355000,2,2,0.0,1.0,0.0,0.0,0.0,0.0
975000,518500,3,3,0.0,0.0,1.0,0.0,0.0,0.0
875000,595000,4,3,0.0,0.0,0.0,0.0,1.0,0.0
350000,632000,1,1,0.0,1.0,0.0,0.0,0.0,0.0
875000,355000,4,3,0.0,0.0,0.0,0.0,0.0,1.0
255000,400000,2,2,0.0,1.0,0.0,0.0,0.0,0.0
475000,347500,2,3,1.0,0.0,0.0,0.0,0.0,0.0
335000,343000,2,2,0.0,1.0,0.0,0.0,0.0,0.0
475000,518500,3,1,1.0,0.0,0.0,0.0,0.0,0.0
525000,347500,3,2,0.0,0.0,0.0,0.0,1.0,0.0
215000,275000,2,2,0.0,1.0,0.0,0.0,0.0,0.0
525000,433000,3,1,1.0,0.0,0.0,0.0,0.0,0.0
295000,355000,3,2,1.0,0.0,0.0,0.0,0.0,0.0
450000,560000,2,2,0.0,1.0,0.0,0.0,0.0,0.0
450000,343000,4,1,0.0,0.0,0.0,1.0,0.0,0.0
875000,560000,4,3,1.0,0.0,0.0,0.0,0.0,0.0
365000,400000,3,2,1.0,0.0,0.0,0.0,0.0,0.0
400000,347500,3,2,1.0,0.0,0.0,0.0,0.0,0.0
295000,347500,2,2,0.0,0.0,0.0,1.0,0.0,0.0
1250000,632000,3,4,0.0,1.0,0.0,0.0,0.0,0.0
700000,518500,4,2,0.0,0.0,0.0,0.0,0.0,1.0
680000,595000,2,1,0.0,0.0,0.0,0.0,0.0,1.0
975000,632000,4,3,0.0,0.0,0.0,0.0,1.0,0.0
320000,518500,2,2,0.0,1.0,0.0,0.0,0.0,0.0
545000,518500,2,1,1.0,0.0,0.0,0.0,0.0,0.0
3000000,632000,4,4,1.0,0.0,0.0,0.0,0.0,0.0
375000,343000,2,1,0.0,0.0,0.0,1.0,0.0,0.0
199950,315000,2,2,0.0,1.0,0.0,0.0,0.0,0.0
425000,605000,2,2,0.0,1.0,0.0,0.0,0.0,0.0
299950,347500,3,1,0.0,0.0,0.0,1.0,0.0,0.0
600000,365000,3,2,1.0,0.0,0.0,0.0,0.0,0.0
745000,518500,4,1,1.0,0.0,0.0,0.0,0.0,0.0
425000,410000,3,2,0.0,0.0,0.0,0.0,1.0,0.0
325000,320000,1,2,0.0,1.0,0.0,0.0,0.0,0.0
1250000,632000,3,3,0.0,0.0,0.0,0.0,1.0,0.0
480000,595000,2,2,0.0,1.0,0.0,0.0,0.0,0.0
230000,355000,1,1,0.0,1.0,0.0,0.0,0.0,0.0
1200000,400000,4,4,0.0,0.0,0.0,0.0,0.0,1.0
360000,343000,4,2,1.0,0.0,0.0,0.0,0.0,0.0
475000,433000,3,3,0.0,1.0,0.0,0.0,0.0,0.0
650000,595000,6,3,0.0,0.0,0.0,0.0,0.0,1.0
350000,433000,2,1,0.0,0.0,0.0,1.0,0.0,0.0
595000,605000,3,2,0.0,0.0,0.0,1.0,0.0,0.0
350000,343000,2,2,0.0,0.0,1.0,0.0,0.0,0.0
375000,400000,3,1,0.0,0.0,0.0,1.0,0.0,0.0
325000,275000,3,2,1.0,0.0,0.0,0.0,0.0,0.0
240000,320000,2,1,0.0,1.0,0.0,0.0,0.0,0.0
375000,355000,3,3,1.0,0.0,0.0,0.0,0.0,0.0
349950,343000,3,1,0.0,0.0,0.0,1.0,0.0,0.0
815000,632000,3,3,0.0,0.0,0.0,1.0,0.0,0.0
425000,518500,2,2,0.0,1.0,0.0,0.0,0.0,0.0
395000,605000,2,2,0.0,1.0,0.0,0.0,0.0,0.0
549000,410000,5,4,1.0,0.0,0.0,0.0,0.0,0.0
795000,595000,3,1,0.0,0.0,1.0,0.0,0.0,0.0
665000,518500,4,2,1.0,0.0,0.0,0.0,0.0,0.0
295000,410000,2,2,0.0,1.0,0.0,0.0,0.0,0.0
370000,375000,2,1,0.0,1.0,0.0,0.0,0.0,0.0
2500000,410000,5,6,0.0,0.0,0.0,0.0,0.0,1.0
1200000,605000,4,1,0.0,0.0,0.0,1.0,0.0,0.0
325000,320000,2,1,0.0,0.0,0.0,1.0,0.0,0.0
495000,632000,2,2,0.0,1.0,0.0,0.0,0.0,0.0
3750000,375000,6,4,0.0,1.0,0.0,0.0,0.0,0.0
395000,433000,3,1,0.0,0.0,0.0,1.0,0.0,0.0
320000,304000,2,1,0.0,1.0,0.0,0.0,0.0,0.0
259000,400000,1,1,0.0,1.0,0.0,0.0,0.0,0.0
995000,632000,3,3,0.0,0.0,0.0,1.0,0.0,0.0
295000,365000,3,1,1.0,0.0,0.0,0.0,0.0,0.0
340000,518500,2,1,0.0,1.0,0.0,0.0,0.0,0.0
330000,375000,1,1,0.0,1.0,0.0,0.0,0.0,0.0
300000,355000,2,1,0.0,1.0,0.0,0.0,0.0,0.0
375000,632000,2,1,0.0,0.0,0.0,1.0,0.0,0.0
485000,518500,4,3,0.0,0.0,0.0,0.0,0.0,1.0
1450000,605000,5,2,0.0,0.0,0.0,1.0,0.0,0.0
495000,400000,4,2,1.0,0.0,0.0,0.0,0.0,0.0
2500000,605000,5,4,0.0,0.0,0.0,0.0,0.0,1.0
300000,510000,2,1,0.0,1.0,0.0,0.0,0.0,0.0
235000,343000,1,1,0.0,1.0,0.0,0.0,0.0,0.0
850000,518500,3,3,0.0,0.0,1.0,0.0,0.0,0.0
325000,365000,1,1,0.0,0.0,0.0,0.0,1.0,0.0
240000,340000,2,1,0.0,1.0,0.0,0.0,0.0,0.0
340000,340000,3,1,1.0,0.0,0.0,0.0,0.0,0.0
235000,304000,1,1,0.0,1.0,0.0,0.0,0.0,0.0
635000,400000,3,2,1.0,0.0,0.0,0.0,0.0,0.0
360000,343000,2,2,0.0,1.0,0.0,0.0,0.0,0.0
475000,510000,3,3,1.0,0.0,0.0,0.0,0.0,0.0
695000,375000,3,2,0.0,1.0,0.0,0.0,0.0,0.0
1595000,632000,4,4,0.0,0.0,0.0,1.0,0.0,0.0
370000,347500,3,2,0.0,0.0,0.0,1.0,0.0,0.0
395000,320000,3,2,0.0,0.0,0.0,1.0,0.0,0.0
308000,347500,2,3,0.0,0.0,0.0,1.0,0.0,0.0
470000,347500,3,1,0.0,0.0,0.0,1.0,0.0,0.0
575000,632000,1,1,0.0,0.0,0.0,1.0,0.0,0.0
435000,632000,2,1,0.0,1.0,0.0,0.0,0.0,0.0
375000,365000,2,1,0.0,0.0,0.0,1.0,0.0,0.0
165000,275000,1,1,0.0,1.0,0.0,0.0,0.0,0.0
339000,320000,2,1,0.0,1.0,0.0,0.0,0.0,0.0
345000,320000,2,2,0.0,0.0,0.0,1.0,0.0,0.0
1950000,518500,5,5,0.0,0.0,0.0,0.0,0.0,1.0
210000,340000,2,1,0.0,1.0,0.0,0.0,0.0,0.0
349000,275000,3,4,1.0,0.0,0.0,0.0,0.0,0.0
240000,304000,1,1,0.0,1.0,0.0,0.0,0.0,0.0
475000,304000,3,2,0.0,1.0,0.0,0.0,0.0,0.0
3700000,632000,5,3,1.0,0.0,0.0,0.0,0.0,0.0
1650000,632000,5,3,0.0,0.0,0.0,1.0,0.0,0.0
475000,275000,3,1,1.0,0.0,0.0,0.0,0.0,0.0
199000,433000,1,1,0.0,0.0,0.0,0.0,1.0,0.0
350000,320000,4,2,0.0,1.0,0.0,0.0,0.0,0.0
650000,410000,2,2,0.0,0.0,0.0,1.0,0.0,0.0
350000,347500,3,1,0.0,0.0,0.0,1.0,0.0,0.0
250000,304000,2,1,0.0,0.0,0.0,0.0,1.0,0.0
1100000,605000,4,4,1.0,0.0,0.0,0.0,0.0,0.0
250000,320000,3,2,0.0,0.0,0.0,1.0,0.0,0.0
275000,343000,2,1,0.0,0.0,0.0,1.0,0.0,0.0
165000,340000,1,1,0.0,1.0,0.0,0.0,0.0,0.0
585000,355000,5,3,0.0,0.0,0.0,1.0,0.0,0.0
295000,275000,2,1,0.0,0.0,0.0,0.0,1.0,0.0
295000,304000,2,1,0.0,1.0,0.0,0.0,0.0,0.0
3750000,518500,3,2,0.0,0.0,0.0,0.0,0.0,1.0
375000,518500,2,2,0.0,1.0,0.0,0.0,0.0,0.0
384950,518500,2,2,0.0,1.0,0.0,0.0,0.0,0.0
1375000,410000,5,2,0.0,0.0,1.0,0.0,0.0,0.0
295000,365000,2,1,0.0,0.0,0.0,1.0,0.0,0.0
525000,340000,4,3,0.0,0.0,0.0,0.0,0.0,1.0
845000,560000,5,2,0.0,0.0,0.0,1.0,0.0,0.0
335000,340000,2,1,0.0,0.0,1.0,0.0,0.0,0.0
575000,510000,3,1,1.0,0.0,0.0,0.0,0.0,0.0
375000,347500,3,1,0.0,0.0,1.0,0.0,0.0,0.0
295000,365000,2,1,0.0,0.0,0.0,1.0,0.0,0.0
1995000,518500,5,4,0.0,0.0,0.0,0.0,0.0,1.0
235000,347500,2,2,0.0,1.0,0.0,0.0,0.0,0.0
795000,632000,3,2,0.0,1.0,0.0,0.0,0.0,0.0
235000,632000,1,1,0.0,1.0,0.0,0.0,0.0,0.0
400000,304000,2,1,0.0,1.0,0.0,0.0,0.0,0.0
350000,433000,3,1,0.0,0.0,0.0,1.0,0.0,0.0
365000,518500,3,2,0.0,1.0,0.0,0.0,0.0,0.0
470000,595000,2,2,0.0,1.0,0.0,0.0,0.0,0.0
260000,347500,3,1,0.0,0.0,0.0,1.0,0.0,0.0
265000,343000,2,1,0.0,1.0,0.0,0.0,0.0,0.0
325000,340000,2,1,0.0,0.0,1.0,0.0,0.0,0.0
220000,355000,2,1,0.0,1.0,0.0,0.0,0.0,0.0
495000,632000,2,1,0.0,0.0,1.0,0.0,0.0,0.0
375000,632000,1,1,0.0,1.0,0.0,0.0,0.0,0.0
350000,320000,3,2,0.0,0.0,0.0,1.0,0.0,0.0
250000,355000,2,2,0.0,1.0,0.0,0.0,0.0,0.0
275000,400000,2,2,0.0,0.0,0.0,1.0,0.0,0.0
390000,410000,3,3,0.0,0.0,0.0,1.0,0.0,0.0
260000,355000,2,2,0.0,0.0,0.0,1.0,0.0,0.0
599000,518500,4,2,0.0,0.0,0.0,0.0,0.0,1.0
750000,632000,3,2,0.0,0.0,0.0,0.0,1.0,0.0
475000,355000,4,3,1.0,0.0,0.0,0.0,0.0,0.0
450000,304000,3,1,0.0,0.0,0.0,1.0,0.0,0.0
595000,605000,2,2,0.0,1.0,0.0,0.0,0.0,0.0
495000,632000,3,1,0.0,0.0,0.0,1.0,0.0,0.0
215000,433000,1,1,0.0,1.0,0.0,0.0,0.0,0.0
315000,355000,3,2,0.0,1.0,0.0,0.0,0.0,0.0
255000,410000,2,2,0.0,1.0,0.0,0.0,0.0,0.0
395000,365000,3,1,0.0,0.0,0.0,0.0,1.0,0.0
345000,433000,2,1,0.0,1.0,0.0,0.0,0.0,0.0
550000,375000,2,2,0.0,1.0,0.0,0.0,0.0,0.0
1975000,375000,5,5,0.0,0.0,0.0,1.0,0.0,0.0
345000,304000,2,1,0.0,1.0,0.0,0.0,0.0,0.0
575000,355000,3,3,1.0,0.0,0.0,0.0,0.0,0.0
250000,320000,2,2,0.0,1.0,0.0,0.0,0.0,0.0
225000,340000,3,1,0.0,0.0,0.0,1.0,0.0,0.0
325000,347500,2,1,0.0,0.0,0.0,0.0,1.0,0.0
995000,304000,7,4,0.0,0.0,0.0,0.0,1.0,0.0
475000,518500,3,1,0.0,0.0,0.0,1.0,0.0,0.0
255000,433000,3,1,0.0,0.0,0.0,1.0,0.0,0.0
400000,347500,3,2,0.0,0.0,0.0,0.0,1.0,0.0
800000,275000,5,5,0.0,0.0,0.0,0.0,1.0,0.0
450000,605000,2,2,0.0,1.0,0.0,0.0,0.0,0.0
495000,320000,4,2,1.0,0.0,0.0,0.0,0.0,0.0
645000,518500,4,2,1.0,0.0,0.0,0.0,0.0,0.0
535000,365000,3,3,1.0,0.0,0.0,0.0,0.0,0.0
750000,355000,4,3,0.0,0.0,0.0,0.0,0.0,1.0
625000,400000,3,3,1.0,0.0,0.0,0.0,0.0,0.0
210000,340000,2,1,0.0,1.0,0.0,0.0,0.0,0.0
845000,632000,4,2,1.0,0.0,0.0,0.0,0.0,0.0
635000,510000,3,3,0.0,0.0,0.0,0.0,0.0,1.0
330000,343000,3,2,0.0,0.0,0.0,1.0,0.0,0.0
395000,275000,3,2,0.0,0.0,0.0,0.0,1.0,0.0
415000,365000,3,2,0.0,0.0,0.0,0.0,1.0,0.0
245000,365000,1,1,0.0,1.0,0.0,0.0,0.0,0.0
525000,320000,3,1,1.0,0.0,0.0,0.0,0.0,0.0
330000,347500,3,1,0.0,0.0,0.0,0.0,1.0,0.0
370000,365000,2,1,0.0,0.0,0.0,1.0,0.0,0.0
350000,320000,3,1,1.0,0.0,0.0,0.0,0.0,0.0
425000,632000,2,2,0.0,1.0,0.0,0.0,0.0,0.0
425000,595000,2,2,0.0,1.0,0.0,0.0,0.0,0.0
895000,365000,5,5,1.0,0.0,0.0,0.0,0.0,0.0
365000,433000,3,1,0.0,0.0,0.0,1.0,0.0,0.0
220000,410000,1,1,0.0,1.0,0.0,0.0,0.0,0.0
950000,433000,5,2,1.0,0.0,0.0,0.0,0.0,0.0
260000,340000,3,2,0.0,0.0,0.0,1.0,0.0,0.0
420000,355000,3,2,0.0,0.0,0.0,1.0,0.0,0.0
480000,605000,2,2,0.0,1.0,0.0,0.0,0.0,0.0
375000,365000,2,1,0.0,0.0,0.0,1.0,0.0,0.0
325000,304000,2,2,0.0,0.0,0.0,0.0,1.0,0.0
295000,433000,3,1,0.0,0.0,0.0,1.0,0.0,0.0
340000,518500,2,2,0.0,1.0,0.0,0.0,0.0,0.0
350000,518500,2,2,0.0,1.0,0.0,0.0,0.0,0.0
1035000,560000,4,3,0.0,0.0,0.0,0.0,0.0,1.0
350000,340000,3,1,0.0,0.0,0.0,0.0,1.0,0.0
315000,304000,1,1,0.0,1.0,0.0,0.0,0.0,0.0
435000,355000,3,3,0.0,0.0,0.0,1.0,0.0,0.0
475000,400000,3,2,1.0,0.0,0.0,0.0,0.0,0.0
395000,320000,4,1,0.0,0.0,0.0,1.0,0.0,0.0
625000,320000,2,1,0.0,0.0,0.0,1.0,0.0,0.0
230000,355000,1,1,0.0,1.0,0.0,0.0,0.0,0.0
359950,340000,3,3,1.0,0.0,0.0,0.0,0.0,0.0
695000,595000,3,1,0.0,0.0,0.0,1.0,0.0,0.0
395000,595000,4,1,0.0,0.0,0.0,1.0,0.0,0.0
550000,355000,4,2,1.0,0.0,0.0,0.0,0.0,0.0
245000,347500,2,2,0.0,1.0,0.0,0.0,0.0,0.0
425000,352750,4,1,0.0,0.0,0.0,0.0,1.0,0.0
470000,510000,2,2,0.0,1.0,0.0,0.0,0.0,0.0
265000,355000,3,2,0.0,0.0,0.0,0.0,1.0,0.0
190000,365000,1,1,0.0,1.0,0.0,0.0,0.0,0.0
280000,340000,2,1,0.0,1.0,0.0,0.0,0.0,0.0
315000,400000,3,1,0.0,0.0,0.0,1.0,0.0,0.0
209950,340000,2,1,0.0,1.0,0.0,0.0,0.0,0.0
475000,343000,3,2,0.0,0.0,0.0,1.0,0.0,0.0
425000,605000,2,2,0.0,1.0,0.0,0.0,0.0,0.0
359950,355000,3,2,1.0,0.0,0.0,0.0,0.0,0.0
415000,433000,1,1,0.0,1.0,0.0,0.0,0.0,0.0
595000,355000,3,3,0.0,0.0,0.0,0.0,0.0,1.0
450000,320000,3,2,0.0,1.0,0.0,0.0,0.0,0.0
395000,347500,3,1,1.0,0.0,0.0,0.0,0.0,0.0
275000,355000,2,1,0.0,0.0,0.0,1.0,0.0,0.0
695000,365000,3,2,0.0,0.0,0.0,1.0,0.0,0.0
399950,320000,3,2,1.0,0.0,0.0,0.0,0.0,0.0
395000,632000,2,1,0.0,0.0,0.0,1.0,0.0,0.0
350000,355000,4,2,0.0,0.0,0.0,0.0,0.0,1.0
385000,320000,3,2,0.0,0.0,0.0,1.0,0.0,0.0
385000,433000,2,2,0.0,0.0,0.0,1.0,0.0,0.0
250000,343000,1,1,0.0,0.0,1.0,0.0,0.0,0.0
625000,355000,4,3,1.0,0.0,0.0,0.0,0.0,0.0
575000,340000,4,3,1.0,0.0,0.0,0.0,0.0,0.0
2300000,605000,4,2,1.0,0.0,0.0,0.0,0.0,0.0
1750000,632000,4,3,0.0,1.0,0.0,0.0,0.0,0.0
529000,510000,4,3,1.0,0.0,0.0,0.0,0.0,0.0
780000,400000,4,3,1.0,0.0,0.0,0.0,0.0,0.0
700000,595000,4,1,1.0,0.0,0.0,0.0,0.0,0.0
495000,347500,3,2,0.0,0.0,0.0,0.0,1.0,0.0
350000,343000,2,1,0.0,0.0,0.0,1.0,0.0,0.0
259950,410000,2,2,0.0,0.0,0.0,0.0,0.0,1.0
420000,275000,3,1,0.0,0.0,0.0,0.0,1.0,0.0
340000,433000,2,1,0.0,1.0,0.0,0.0,0.0,0.0
1350000,632000,3,3,0.0,0.0,0.0,0.0,1.0,0.0
2500000,605000,3,3,0.0,0.0,0.0,0.0,0.0,1.0
330000,355000,3,3,0.0,0.0,0.0,0.0,1.0,0.0
615000,510000,4,2,1.0,0.0,0.0,0.0,0.0,0.0
475000,320000,3,1,0.0,0.0,0.0,1.0,0.0,0.0
800000,355000,5,2,1.0,0.0,0.0,0.0,0.0,0.0
450000,365000,3,2,0.0,0.0,0.0,1.0,0.0,0.0
350000,375000,2,1,0.0,1.0,0.0,0.0,0.0,0.0
725000,605000,3,2,0.0,0.0,0.0,1.0,0.0,0.0
795000,518500,5,3,1.0,0.0,0.0,0.0,0.0,0.0
275000,365000,1,1,0.0,0.0,0.0,1.0,0.0,0.0
295000,340000,3,2,0.0,0.0,0.0,0.0,0.0,1.0
895000,275000,3,2,1.0,0.0,0.0,0.0,0.0,0.0
292000,355000,2,2,0.0,1.0,0.0,0.0,0.0,0.0
199000,315000,2,2,0.0,1.0,0.0,0.0,0.0,0.0
495000,433000,2,1,0.0,0.0,0.0,1.0,0.0,0.0
400000,365000,2,2,0.0,0.0,0.0,1.0,0.0,0.0
325000,347500,2,2,0.0,0.0,0.0,0.0,1.0,0.0
395000,375000,2,1,0.0,1.0,0.0,0.0,0.0,0.0
375000,632000,2,1,0.0,1.0,0.0,0.0,0.0,0.0
795000,605000,3,2,0.0,0.0,0.0,0.0,1.0,0.0
535000,518500,3,2,0.0,0.0,0.0,1.0,0.0,0.0
230000,355000,2,2,0.0,1.0,0.0,0.0,0.0,0.0
495000,340000,6,3,0.0,0.0,0.0,0.0,0.0,1.0
825000,320000,4,2,0.0,0.0,0.0,0.0,1.0,0.0
2950000,595000,6,4,1.0,0.0,0.0,0.0,0.0,0.0
269950,365000,2,1,0.0,0.0,0.0,1.0,0.0,0.0
5000000,410000,7,5,0.0,0.0,0.0,0.0,0.0,1.0
275000,340000,3,3,0.0,0.0,0.0,1.0,0.0,0.0
545000,510000,4,3,1.0,0.0,0.0,0.0,0.0,0.0
780000,595000,3,1,1.0,0.0,0.0,0.0,0.0,0.0
525000,340000,3,2,0.0,0.0,0.0,0.0,0.0,1.0
595000,400000,3,1,1.0,0.0,0.0,0.0,0.0,0.0
220000,410000,1,1,0.0,1.0,0.0,0.0,0.0,0.0
285000,510000,3,2,0.0,1.0,0.0,0.0,0.0,0.0
335000,605000,1,1,0.0,1.0,0.0,0.0,0.0,0.0
385000,410000,2,1,0.0,0.0,0.0,1.0,0.0,0.0
2250000,605000,5,5,0.0,0.0,0.0,0.0,1.0,0.0
220000,315000,3,1,0.0,0.0,0.0,1.0,0.0,0.0
249950,347500,2,1,0.0,1.0,0.0,0.0,0.0,0.0
275000,347500,2,1,1.0,0.0,0.0,0.0,0.0,0.0
695000,410000,4,2,1.0,0.0,0.0,0.0,0.0,0.0
450000,595000,2,2,0.0,1.0,0.0,0.0,0.0,0.0
259000,315000,3,1,1.0,0.0,0.0,0.0,0.0,0.0
249500,275000,3,1,0.0,0.0,0.0,1.0,0.0,0.0
1250000,595000,5,3,0.0,0.0,0.0,0.0,0.0,1.0
400000,340000,3,2,1.0,0.0,0.0,0.0,0.0,0.0
370000,605000,2,1,0.0,1.0,0.0,0.0,0.0,0.0
550000,320000,3,2,1.0,0.0,0.0,0.0,0.0,0.0
280000,347500,2,1,0.0,1.0,0.0,0.0,0.0,0.0
295000,433000,2,2,0.0,0.0,0.0,1.0,0.0,0.0
385000,433000,3,1,0.0,0.0,0.0,0.0,1.0,0.0
395000,343000,4,3,0.0,0.0,0.0,1.0,0.0,0.0
370000,375000,1,1,0.0,1.0,0.0,0.0,0.0,0.0
425000,304000,2,2,0.0,1.0,0.0,0.0,0.0,0.0
2250000,375000,4,3,1.0,0.0,0.0,0.0,0.0,0.0
225000,246000,2,1,0.0,0.0,0.0,1.0,0.0,0.0
260000,352750,3,1,0.0,0.0,1.0,0.0,0.0,0.0
225000,275000,2,1,0.0,0.0,0.0,0.0,1.0,0.0
595000,518500,3,2,0.0,0.0,0.0,1.0,0.0,0.0
325000,365000,2,1,0.0,0.0,0.0,0.0,1.0,0.0
225000,343000,2,1,0.0,0.0,0.0,1.0,0.0,0.0
650000,433000,3,2,0.0,0.0,0.0,1.0,0.0,0.0
550000,343000,3,3,0.0,0.0,0.0,0.0,1.0,0.0
340000,343000,2,2,0.0,1.0,0.0,0.0,0.0,0.0
510000,632000,2,2,0.0,1.0,0.0,0.0,0.0,0.0
495000,355000,4,3,1.0,0.0,0.0,0.0,0.0,0.0
1575000,518500,3,3,0.0,1.0,0.0,0.0,0.0,0.0
560000,595000,3,2,0.0,1.0,0.0,0.0,0.0,0.0
239950,365000,2,2,0.0,0.0,0.0,0.0,1.0,0.0
395000,320000,3,2,1.0,0.0,0.0,0.0,0.0,0.0
375000,605000,2,1,0.0,1.0,0.0,0.0,0.0,0.0
800000,320000,5,7,0.0,0.0,0.0,0.0,1.0,0.0
309950,518500,2,1,0.0,1.0,0.0,0.0,0.0,0.0
1150000,605000,4,3,0.0,0.0,0.0,0.0,0.0,1.0
1300000,632000,4,3,0.0,0.0,0.0,0.0,1.0,0.0
700000,400000,4,3,0.0,0.0,0.0,0.0,0.0,1.0
795000,605000,3,2,0.0,0.0,0.0,1.0,0.0,0.0
495000,343000,2,3,0.0,0.0,0.0,1.0,0.0,0.0
239950,315000,3,1,1.0,0.0,0.0,0.0,0.0,0.0
825000,518500,4,3,0.0,0.0,0.0,0.0,0.0,1.0
490000,605000,2,1,1.0,0.0,0.0,0.0,0.0,0.0
645000,595000,4,3,0.0,0.0,0.0,1.0,0.0,0.0
1450000,632000,5,2,1.0,0.0,0.0,0.0,0.0,0.0
725000,595000,4,2,1.0,0.0,0.0,0.0,0.0,0.0
925000,632000,4,2,1.0,0.0,0.0,0.0,0.0,0.0
485000,340000,4,2,1.0,0.0,0.0,0.0,0.0,0.0
360000,433000,2,2,0.0,1.0,0.0,0.0,0.0,0.0
249950,343000,1,1,0.0,1.0,0.0,0.0,0.0,0.0
1100000,518500,4,3,0.0,0.0,0.0,0.0,0.0,1.0
314950,518500,2,2,0.0,1.0,0.0,0.0,0.0,0.0
280000,355000,4,2,1.0,0.0,0.0,0.0,0.0,0.0
735000,343000,3,3,0.0,0.0,0.0,1.0,0.0,0.0
1325000,605000,5,1,0.0,0.0,0.0,1.0,0.0,0.0
295000,347500,2,1,0.0,0.0,0.0,1.0,0.0,0.0
645000,343000,3,2,0.0,0.0,0.0,1.0,0.0,0.0
385000,400000,3,1,1.0,0.0,0.0,0.0,0.0,0.0
305000,433000,2,1,0.0,0.0,0.0,1.0,0.0,0.0
450000,605000,3,2,1.0,0.0,0.0,0.0,0.0,0.0
350000,343000,3,1,0.0,1.0,0.0,0.0,0.0,0.0
280000,365000,2,1,0.0,0.0,0.0,1.0,0.0,0.0
345000,365000,2,1,0.0,0.0,0.0,1.0,0.0,0.0
375000,375000,1,1,0.0,1.0,0.0,0.0,0.0,0.0
275000,340000,3,1,0.0,0.0,0.0,1.0,0.0,0.0
1300000,510000,4,5,0.0,0.0,0.0,0.0,0.0,1.0
500000,355000,4,2,1.0,0.0,0.0,0.0,0.0,0.0
245000,343000,1,1,0.0,1.0,0.0,0.0,0.0,0.0
1595000,632000,4,2,0.0,0.0,0.0,1.0,0.0,0.0
525000,518500,3,1,1.0,0.0,0.0,0.0,0.0,0.0
550000,518500,3,2,1.0,0.0,0.0,0.0,0.0,0.0
250000,343000,1,1,0.0,0.0,0.0,1.0,0.0,0.0
395000,343000,2,1,0.0,0.0,0.0,1.0,0.0,0.0
285000,410000,3,2,1.0,0.0,0.0,0.0,0.0,0.0
634950,510000,3,2,0.0,1.0,0.0,0.0,0.0,0.0
950000,605000,4,4,0.0,0.0,0.0,0.0,0.0,1.0
630000,518500,3,1,0.0,0.0,1.0,0.0,0.0,0.0
205000,304000,1,1,0.0,1.0,0.0,0.0,0.0,0.0
425000,400000,3,1,0.0,0.0,0.0,1.0,0.0,0.0
725000,518500,4,3,1.0,0.0,0.0,0.0,0.0,0.0
390000,304000,2,1,0.0,1.0,0.0,0.0,0.0,0.0
850000,433000,9,6,0.0,1.0,0.0,0.0,0.0,0.0
299950,355000,3,2,0.0,1.0,0.0,0.0,0.0,0.0
450000,340000,3,3,1.0,0.0,0.0,0.0,0.0,0.0
575000,595000,3,3,0.0,0.0,0.0,1.0,0.0,0.0
260000,355000,2,2,0.0,1.0,0.0,0.0,0.0,0.0
790000,343000,3,3,0.0,0.0,0.0,1.0,0.0,0.0
1450000,605000,5,3,0.0,0.0,0.0,1.0,0.0,0.0
370000,347500,3,1,0.0,0.0,0.0,1.0,0.0,0.0
550000,632000,2,2,0.0,1.0,0.0,0.0,0.0,0.0
549000,365000,4,2,0.0,0.0,0.0,1.0,0.0,0.0
395000,365000,3,1,0.0,0.0,0.0,0.0,1.0,0.0
2750000,632000,6,7,0.0,0.0,0.0,1.0,0.0,0.0
515000,355000,3,2,1.0,0.0,0.0,0.0,0.0,0.0
225000,304000,1,1,0.0,1.0,0.0,0.0,0.0,0.0
350000,433000,3,1,0.0,0.0,0.0,1.0,0.0,0.0
635000,605000,2,2,0.0,1.0,0.0,0.0,0.0,0.0
2000000,433000,12,6,0.0,0.0,0.0,0.0,1.0,0.0
290000,304000,3,1,0.0,0.0,0.0,1.0,0.0,0.0
545000,510000,4,4,1.0,0.0,0.0,0.0,0.0,0.0
269000,315000,3,1,0.0,0.0,0.0,1.0,0.0,0.0
499950,560000,3,1,1.0,0.0,0.0,0.0,0.0,0.0
260000,343000,1,1,0.0,1.0,0.0,0.0,0.0,0.0
525000,400000,3,1,1.0,0.0,0.0,0.0,0.0,0.0
495000,632000,2,1,0.0,1.0,0.0,0.0,0.0,0.0
259000,315000,3,1,1.0,0.0,0.0,0.0,0.0,0.0
300000,365000,2,2,0.0,0.0,0.0,1.0,0.0,0.0
235000,365000,1,1,0.0,1.0,0.0,0.0,0.0,0.0
545000,275000,4,2,1.0,0.0,0.0,0.0,0.0,0.0
375000,365000,2,1,0.0,0.0,0.0,1.0,0.0,0.0
220000,275000,2,2,0.0,1.0,0.0,0.0,0.0,0.0
1700000,632000,5,3,0.0,0.0,0.0,1.0,0.0,0.0
235000,355000,2,3,0.0,0.0,0.0,1.0,0.0,0.0
450000,352750,3,2,1.0,0.0,0.0,0.0,0.0,0.0
450000,518500,3,1,0.0,0.0,0.0,1.0,0.0,0.0
365000,518500,2,2,0.0,1.0,0.0,0.0,0.0,0.0
1195000,365000,9,8,0.0,0.0,0.0,1.0,0.0,0.0
265000,265000,3,1,0.0,0.0,0.0,0.0,1.0,0.0
495000,433000,3,2,0.0,0.0,0.0,1.0,0.0,0.0
380000,320000,3,1,1.0,0.0,0.0,0.0,0.0,0.0
239000,365000,1,1,0.0,1.0,0.0,0.0,0.0,0.0
645000,375000,2,2,0.0,1.0,0.0,0.0,0.0,0.0
575000,340000,4,3,0.0,0.0,0.0,0.0,0.0,1.0
380000,510000,2,2,0.0,1.0,0.0,0.0,0.0,0.0
695000,560000,3,2,1.0,0.0,0.0,0.0,0.0,0.0
285000,400000,2,1,0.0,1.0,0.0,0.0,0.0,0.0
595000,320000,4,4,0.0,0.0,0.0,0.0,1.0,0.0
1300000,632000,3,3,0.0,0.0,0.0,0.0,1.0,0.0
345000,343000,2,2,0.0,1.0,0.0,0.0,0.0,0.0
395000,355000,3,3,0.0,0.0,0.0,0.0,1.0,0.0
579950,595000,4,3,1.0,0.0,0.0,0.0,0.0,0.0
450000,595000,2,1,0.0,0.0,0.0,1.0,0.0,0.0
285000,518500,2,1,0.0,1.0,0.0,0.0,0.0,0.0
425000,605000,2,1,0.0,0.0,0.0,0.0,1.0,0.0
595000,433000,3,2,0.0,0.0,0.0,0.0,1.0,0.0
435000,410000,3,1,0.0,0.0,0.0,1.0,0.0,0.0
1500000,605000,3,3,0.0,0.0,0.0,1.0,0.0,0.0
295000,518500,2,2,0.0,1.0,0.0,0.0,0.0,0.0
625000,595000,3,2,1.0,0.0,0.0,0.0,0.0,0.0
575000,365000,5,2,1.0,0.0,0.0,0.0,0.0,0.0
549000,410000,5,4,1.0,0.0,0.0,0.0,0.0,0.0
1400000,632000,3,2,0.0,0.0,0.0,1.0,0.0,0.0
550000,347500,4,3,1.0,0.0,0.0,0.0,0.0,0.0
385000,365000,2,1,0.0,0.0,0.0,1.0,0.0,0.0
495000,410000,3,1,0.0,0.0,0.0,0.0,1.0,0.0
495000,433000,3,1,0.0,0.0,0.0,1.0,0.0,0.0
335000,355000,3,3,1.0,0.0,0.0,0.0,0.0,0.0
475000,605000,2,2,0.0,1.0,0.0,0.0,0.0,0.0
325000,343000,2,2,0.0,1.0,0.0,0.0,0.0,0.0
300000,355000,2,2,0.0,1.0,0.0,0.0,0.0,0.0
325000,433000,2,1,0.0,1.0,0.0,0.0,0.0,0.0
375000,400000,3,3,0.0,0.0,0.0,1.0,0.0,0.0
275000,246000,3,2,0.0,0.0,0.0,0.0,1.0,0.0
340000,275000,3,1,1.0,0.0,0.0,0.0,0.0,0.0
295000,275000,4,3,0.0,0.0,0.0,0.0,1.0,0.0
395000,343000,2,1,0.0,0.0,0.0,1.0,0.0,0.0
625000,518500,3,2,0.0,0.0,0.0,0.0,0.0,1.0
495000,595000,3,1,0.0,0.0,0.0,1.0,0.0,0.0
334950,605000,2,1,0.0,0.0,0.0,1.0,0.0,0.0
445000,355000,4,3,1.0,0.0,0.0,0.0,0.0,0.0
549000,410000,5,4,1.0,0.0,0.0,0.0,0.0,0.0
370000,355000,3,3,1.0,0.0,0.0,0.0,0.0,0.0
495000,433000,2,2,0.0,0.0,0.0,1.0,0.0,0.0
1800000,433000,5,2,0.0,0.0,1.0,0.0,0.0,0.0
295000,595000,1,1,0.0,1.0,0.0,0.0,0.0,0.0
370000,518500,3,2,0.0,1.0,0.0,0.0,0.0,0.0
550000,315000,4,3,0.0,0.0,0.0,0.0,0.0,1.0
325000,343000,2,1,0.0,0.0,0.0,0.0,1.0,0.0
2450000,518500,6,4,0.0,0.0,0.0,0.0,0.0,1.0
399950,265000,4,3,0.0,0.0,0.0,0.0,0.0,1.0
220000,265000,3,2,0.0,0.0,0.0,0.0,1.0,0.0
395000,518500,2,3,1.0,0.0,0.0,0.0,0.0,0.0
375000,375000,2,1,0.0,1.0,0.0,0.0,0.0,0.0
275000,246000,2,2,0.0,0.0,0.0,1.0,0.0,0.0
345000,340000,3,1,1.0,0.0,0.0,0.0,0.0,0.0
750000,632000,2,2,0.0,1.0,0.0,0.0,0.0,0.0
1375000,343000,3,3,0.0,1.0,0.0,0.0,0.0,0.0
575000,518500,3,3,1.0,0.0,0.0,0.0,0.0,0.0
260000,365000,1,1,0.0,1.0,0.0,0.0,0.0,0.0
245000,320000,1,1,0.0,1.0,0.0,0.0,0.0,0.0
575000,355000,3,3,0.0,0.0,0.0,0.0,0.0,1.0
595000,275000,4,1,1.0,0.0,0.0,0.0,0.0,0.0
2000000,632000,4,2,0.0,0.0,0.0,1.0,0.0,0.0
280000,355000,3,2,1.0,0.0,0.0,0.0,0.0,0.0
1300000,632000,5,3,1.0,0.0,0.0,0.0,0.0,0.0
385000,347500,3,1,1.0,0.0,0.0,0.0,0.0,0.0
495000,355000,3,1,1.0,0.0,0.0,0.0,0.0,0.0
545000,518500,3,1,1.0,0.0,0.0,0.0,0.0,0.0
548000,510000,4,2,1.0,0.0,0.0,0.0,0.0,0.0
375000,355000,3,3,1.0,0.0,0.0,0.0,0.0,0.0
485000,605000,2,2,0.0,1.0,0.0,0.0,0.0,0.0
1295000,410000,6,5,0.0,0.0,0.0,0.0,0.0,1.0
695000,365000,3,2,0.0,0.0,0.0,0.0,1.0,0.0
650000,595000,4,3,0.0,0.0,0.0,0.0,0.0,1.0
300000,343000,2,1,0.0,1.0,0.0,0.0,0.0,0.0
345000,355000,3,2,0.0,1.0,0.0,0.0,0.0,0.0
299000,433000,2,1,0.0,0.0,0.0,1.0,0.0,0.0
3250000,632000,5,6,0.0,0.0,0.0,0.0,0.0,1.0
1750000,632000,3,4,0.0,0.0,0.0,1.0,0.0,0.0
750000,518500,3,2,0.0,0.0,1.0,0.0,0.0,0.0
460000,632000,2,2,0.0,1.0,0.0,0.0,0.0,0.0
1100000,605000,4,2,1.0,0.0,0.0,0.0,0.0,0.0
220000,355000,3,1,0.0,0.0,0.0,1.0,0.0,0.0
500000,510000,3,2,1.0,0.0,0.0,0.0,0.0,0.0
370000,315000,3,2,0.0,0.0,0.0,1.0,0.0,0.0
750000,320000,3,2,1.0,0.0,0.0,0.0,0.0,0.0
485000,275000,3,2,1.0,0.0,0.0,0.0,0.0,0.0
295000,518500,2,2,0.0,1.0,0.0,0.0,0.0,0.0
600000,304000,4,2,0.0,0.0,0.0,0.0,1.0,0.0
395000,510000,3,1,0.0,0.0,0.0,1.0,0.0,0.0
340000,400000,2,2,0.0,1.0,0.0,0.0,0.0,0.0
1050000,605000,3,2,0.0,0.0,0.0,1.0,0.0,0.0
525000,343000,3,2,0.0,0.0,0.0,1.0,0.0,0.0
800000,605000,3,2,0.0,0.0,0.0,1.0,0.0,0.0
625000,433000,3,3,0.0,0.0,0.0,1.0,0.0,0.0
575000,560000,3,2,1.0,0.0,0.0,0.0,0.0,0.0
335000,275000,3,1,0.0,0.0,0.0,1.0,0.0,0.0
750000,433000,3,2,1.0,0.0,0.0,0.0,0.0,0.0
300000,355000,3,3,1.0,0.0,0.0,0.0,0.0,0.0
295000,304000,1,1,0.0,1.0,0.0,0.0,0.0,0.0
335000,400000,3,1,0.0,0.0,0.0,0.0,1.0,0.0
550000,275000,3,3,0.0,0.0,0.0,0.0,0.0,1.0
550000,595000,4,2,0.0,0.0,0.0,1.0,0.0,0.0
299995,347500,2,1,0.0,0.0,0.0,0.0,1.0,0.0
795000,632000,3,3,0.0,0.0,0.0,1.0,0.0,0.0
685000,410000,3,2,1.0,0.0,0.0,0.0,0.0,0.0
375000,343000,3,1,0.0,0.0,0.0,0.0,1.0,0.0
295000,320000,2,1,0.0,0.0,0.0,1.0,0.0,0.0
295000,518500,2,1,0.0,1.0,0.0,0.0,0.0,0.0
265000,518500,1,1,0.0,1.0,0.0,0.0,0.0,0.0
550000,400000,3,1,1.0,0.0,0.0,0.0,0.0,0.0
375000,347500,3,1,1.0,0.0,0.0,0.0,0.0,0.0
375000,433000,3,2,0.0,0.0,0.0,1.0,0.0,0.0
190000,347500,2,2,0.0,1.0,0.0,0.0,0.0,0.0
495000,320000,3,2,0.0,0.0,0.0,1.0,0.0,0.0
275000,400000,3,1,0.0,0.0,0.0,1.0,0.0,0.0
495000,275000,3,1,1.0,0.0,0.0,0.0,0.0,0.0
245000,355000,2,2,0.0,1.0,0.0,0.0,0.0,0.0
189950,343000,1,1,0.0,1.0,0.0,0.0,0.0,0.0
225000,304000,1,1,0.0,1.0,0.0,0.0,0.0,0.0
235000,410000,2,1,0.0,1.0,0.0,0.0,0.0,0.0
375000,518500,3,2,0.0,1.0,0.0,0.0,0.0,0.0
395000,605000,2,1,0.0,1.0,0.0,0.0,0.0,0.0
595000,400000,3,1,1.0,0.0,0.0,0.0,0.0,0.0
650000,275000,4,1,0.0,0.0,0.0,1.0,0.0,0.0
345000,347500,3,1,0.0,0.0,0.0,0.0,1.0,0.0
750000,365000,4,3,1.0,0.0,0.0,0.0,0.0,0.0
1350000,605000,5,3,1.0,0.0,0.0,0.0,0.0,0.0
265000,343000,1,1,0.0,1.0,0.0,0.0,0.0,0.0
325000,355000,2,1,0.0,0.0,0.0,1.0,0.0,0.0
620000,518500,4,3,1.0,0.0,0.0,0.0,0.0,0.0
295000,265000,3,1,0.0,0.0,0.0,0.0,1.0,0.0
400000,433000,3,3,0.0,0.0,0.0,0.0,1.0,0.0
280000,347500,2,1,0.0,0.0,0.0,0.0,1.0,0.0
475000,632000,2,1,0.0,1.0,0.0,0.0,0.0,0.0
425000,304000,2,2,0.0,1.0,0.0,0.0,0.0,0.0
295000,518500,1,1,0.0,1.0,0.0,0.0,0.0,0.0
220000,320000,2,2,0.0,1.0,0.0,0.0,0.0,0.0
675000,347500,3,1,0.0,0.0,1.0,0.0,0.0,0.0
335000,632000,1,1,0.0,1.0,0.0,0.0,0.0,0.0
675000,595000,3,2,1.0,0.0,0.0,0.0,0.0,0.0
245000,343000,1,1,0.0,1.0,0.0,0.0,0.0,0.0
595000,595000,3,1,0.0,0.0,0.0,1.0,0.0,0.0
310000,347500,2,1,0.0,0.0,0.0,0.0,1.0,0.0
299950,315000,4,3,0.0,0.0,0.0,0.0,1.0,0.0
265000,304000,1,1,0.0,1.0,0.0,0.0,0.0,0.0
365000,347500,3,2,0.0,0.0,0.0,1.0,0.0,0.0
235000,320000,2,1,0.0,1.0,0.0,0.0,0.0,0.0
375000,518500,3,2,0.0,1.0,0.0,0.0,0.0,0.0
320000,343000,2,2,0.0,1.0,0.0,0.0,0.0,0.0
299000,343000,2,2,0.0,1.0,0.0,0.0,0.0,0.0
260000,355000,2,2,0.0,1.0,0.0,0.0,0.0,0.0
1525000,355000,5,5,0.0,0.0,0.0,0.0,0.0,1.0
1600000,518500,3,2,0.0,0.0,0.0,0.0,0.0,1.0
895000,375000,3,3,0.0,0.0,0.0,1.0,0.0,0.0
375000,410000,2,1,0.0,0.0,0.0,1.0,0.0,0.0
365000,304000,2,1,0.0,1.0,0.0,0.0,0.0,0.0
995000,433000,7,2,1.0,0.0,0.0,0.0,0.0,0.0
525000,595000,3,2,0.0,0.0,0.0,1.0,0.0,0.0
299950,340000,2,3,0.0,0.0,0.0,1.0,0.0,0.0
3500000,632000,4,4,0.0,0.0,0.0,1.0,0.0,0.0
545000,632000,2,1,1.0,0.0,0.0,0.0,0.0,0.0
695000,632000,2,1,0.0,0.0,0.0,1.0,0.0,0.0
330000,365000,4,2,0.0,0.0,0.0,0.0,1.0,0.0
325000,400000,3,1,0.0,0.0,0.0,1.0,0.0,0.0
495000,518500,3,1,0.0,0.0,0.0,1.0,0.0,0.0
440000,365000,3,2,0.0,0.0,0.0,1.0,0.0,0.0
350000,304000,2,2,0.0,1.0,0.0,0.0,0.0,0.0
325000,315000,3,1,1.0,0.0,0.0,0.0,0.0,0.0
325000,304000,2,2,0.0,1.0,0.0,0.0,0.0,0.0
349950,343000,2,2,0.0,0.0,1.0,0.0,0.0,0.0
795000,595000,4,2,1.0,0.0,0.0,0.0,0.0,0.0
995000,304000,8,8,0.0,1.0,0.0,0.0,0.0,0.0
950000,632000,3,3,0.0,1.0,0.0,0.0,0.0,0.0
565000,365000,3,3,0.0,1.0,0.0,0.0,0.0,0.0
265000,343000,2,1,0.0,1.0,0.0,0.0,0.0,0.0
725000,518500,4,2,1.0,0.0,0.0,0.0,0.0,0.0
395000,632000,2,1,0.0,1.0,0.0,0.0,0.0,0.0
250000,433000,3,1,0.0,0.0,0.0,1.0,0.0,0.0
645000,510000,4,3,1.0,0.0,0.0,0.0,0.0,0.0
795000,375000,3,3,0.0,0.0,0.0,1.0,0.0,0.0
1400000,605000,3,3,1.0,0.0,0.0,0.0,0.0,0.0
395000,355000,3,3,0.0,0.0,0.0,0.0,1.0,0.0
425000,595000,3,1,0.0,0.0,0.0,1.0,0.0,0.0
345000,518500,2,2,0.0,1.0,0.0,0.0,0.0,0.0
375000,347500,3,1,0.0,0.0,0.0,1.0,0.0,0.0
495000,320000,4,3,1.0,0.0,0.0,0.0,0.0,0.0
365000,340000,3,3,1.0,0.0,0.0,0.0,0.0,0.0
290000,320000,2,2,0.0,1.0,0.0,0.0,0.0,0.0
339950,518500,2,2,0.0,1.0,0.0,0.0,0.0,0.0
2350000,632000,5,3,0.0,0.0,0.0,0.0,0.0,1.0
875000,510000,4,4,0.0,0.0,0.0,0.0,0.0,1.0
315000,315000,4,2,1.0,0.0,0.0,0.0,0.0,0.0
525000,510000,4,1,0.0,0.0,0.0,0.0,0.0,1.0
575000,320000,2,1,0.0,0.0,0.0,0.0,1.0,0.0
375000,347500,3,3,0.0,0.0,0.0,1.0,0.0,0.0
525000,518500,3,1,1.0,0.0,0.0,0.0,0.0,0.0
269000,315000,3,2,0.0,0.0,0.0,1.0,0.0,0.0
375000,595000,1,1,0.0,0.0,0.0,1.0,0.0,0.0
625000,595000,4,2,1.0,0.0,0.0,0.0,0.0,0.0
450000,355000,3,3,1.0,0.0,0.0,0.0,0.0,0.0
259000,410000,2,1,0.0,1.0,0.0,0.0,0.0,0.0
210000,320000,1,1,0.0,1.0,0.0,0.0,0.0,0.0
375000,343000,2,2,0.0,1.0,0.0,0.0,0.0,0.0
595000,400000,3,1,1.0,0.0,0.0,0.0,0.0,0.0
395000,595000,2,2,0.0,1.0,0.0,0.0,0.0,0.0
395000,433000,3,3,0.0,1.0,0.0,0.0,0.0,0.0
695000,632000,3,2,0.0,0.0,0.0,1.0,0.0,0.0
290000,355000,2,2,0.0,1.0,0.0,0.0,0.0,0.0
395000,355000,4,3,1.0,0.0,0.0,0.0,0.0,0.0
400000,355000,3,1,0.0,0.0,1.0,0.0,0.0,0.0
320000,518500,2,1,0.0,1.0,0.0,0.0,0.0,0.0
489500,595000,2,2,0.0,1.0,0.0,0.0,0.0,0.0
375000,347500,3,2,0.0,0.0,0.0,0.0,1.0,0.0
350000,315000,3,1,1.0,0.0,0.0,0.0,0.0,0.0
550000,410000,4,1,0.0,0.0,0.0,0.0,0.0,1.0
2750000,518500,5,3,0.0,0.0,0.0,0.0,0.0,1.0
635000,605000,2,2,0.0,1.0,0.0,0.0,0.0,0.0
950000,433000,4,1,0.0,0.0,0.0,0.0,0.0,1.0
250000,315000,3,1,0.0,0.0,1.0,0.0,0.0,0.0
205000,340000,2,1,0.0,1.0,0.0,0.0,0.0,0.0
635000,632000,2,2,0.0,0.0,0.0,0.0,1.0,0.0
490000,400000,4,3,0.0,0.0,0.0,0.0,0.0,1.0
1250000,595000,5,3,0.0,0.0,1.0,0.0,0.0,0.0
199000,343000,2,1,0.0,0.0,0.0,1.0,0.0,0.0
375000,355000,3,1,1.0,0.0,0.0,0.0,0.0,0.0
1250000,343000,3,2,0.0,0.0,0.0,1.0,0.0,0.0
550000,518500,3,1,1.0,0.0,0.0,0.0,0.0,0.0
380000,433000,3,1,0.0,0.0,0.0,1.0,0.0,0.0
395000,632000,2,1,0.0,1.0,0.0,0.0,0.0,0.0
385000,400000,3,2,1.0,0.0,0.0,0.0,0.0,0.0
199000,315000,2,1,0.0,1.0,0.0,0.0,0.0,0.0
450000,343000,3,1,0.0,0.0,0.0,0.0,1.0,0.0
360000,343000,1,1,0.0,0.0,0.0,1.0,0.0,0.0
845000,595000,5,3,0.0,0.0,0.0,0.0,0.0,1.0
335000,304000,2,1,0.0,1.0,0.0,0.0,0.0,0.0
225000,304000,1,1,0.0,1.0,0.0,0.0,0.0,0.0
465000,433000,3,2,0.0,0.0,0.0,0.0,1.0,0.0
700000,605000,3,2,0.0,0.0,0.0,0.0,1.0,0.0
835000,433000,2,2,0.0,1.0,0.0,0.0,0.0,0.0
795000,605000,3,3,0.0,0.0,0.0,1.0,0.0,0.0
2500000,632000,5,5,0.0,0.0,0.0,0.0,0.0,1.0
275000,433000,2,1,0.0,0.0,0.0,1.0,0.0,0.0
1250000,375000,9,9,0.0,0.0,0.0,1.0,0.0,0.0
365000,343000,2,2,0.0,1.0,0.0,0.0,0.0,0.0
375000,605000,2,1,0.0,1.0,0.0,0.0,0.0,0.0
550000,343000,2,1,0.0,0.0,0.0,1.0,0.0,0.0
275000,605000,1,1,0.0,1.0,0.0,0.0,0.0,0.0
475000,518500,3,2,0.0,1.0,0.0,0.0,0.0,0.0
260000,355000,3,1,0.0,0.0,0.0,0.0,1.0,0.0
390000,375000,2,1,0.0,1.0,0.0,0.0,0.0,0.0
385000,365000,2,1,0.0,0.0,0.0,1.0,0.0,0.0
1395000,632000,4,4,0.0,0.0,0.0,1.0,0.0,0.0
315000,518500,2,2,0.0,1.0,0.0,0.0,0.0,0.0
395000,343000,2,2,0.0,1.0,0.0,0.0,0.0,0.0
900000,605000,7,4,0.0,0.0,0.0,1.0,0.0,0.0
825000,605000,3,2,0.0,0.0,0.0,0.0,1.0,0.0
310000,433000,2,2,0.0,0.0,0.0,1.0,0.0,0.0
280000,304000,1,1,0.0,1.0,0.0,0.0,0.0,0.0
525000,632000,2,2,0.0,1.0,0.0,0.0,0.0,0.0
225000,343000,1,1,0.0,1.0,0.0,0.0,0.0,0.0
230000,560000,1,1,0.0,1.0,0.0,0.0,0.0,0.0
298000,343000,1,1,0.0,1.0,0.0,0.0,0.0,0.0
295000,355000,3,2,0.0,1.0,0.0,0.0,0.0,0.0
245000,355000,2,1,0.0,1.0,0.0,0.0,0.0,0.0
695000,510000,4,2,1.0,0.0,0.0,0.0,0.0,0.0
945000,605000,4,3,0.0,0.0,0.0,1.0,0.0,0.0
285000,352750,2,1,0.0,1.0,0.0,0.0,0.0,0.0
350000,340000,3,1,0.0,0.0,0.0,0.0,0.0,1.0
350000,246000,2,1,0.0,0.0,0.0,0.0,1.0,0.0
360000,352750,3,1,0.0,0.0,0.0,1.0,0.0,0.0
199000,265000,3,1,0.0,0.0,0.0,0.0,1.0,0.0
450000,343000,3,2,0.0,0.0,0.0,0.0,1.0,0.0
375000,433000,1,1,0.0,0.0,0.0,0.0,0.0,1.0
850000,433000,6,2,0.0,0.0,0.0,0.0,0.0,1.0
295000,365000,2,1,0.0,1.0,0.0,0.0,0.0,0.0
550000,595000,4,1,1.0,0.0,0.0,0.0,0.0,0.0
545000,275000,3,2,1.0,0.0,0.0,0.0,0.0,0.0
900000,320000,4,3,0.0,0.0,0.0,0.0,1.0,0.0
1675000,632000,6,3,0.0,0.0,0.0,1.0,0.0,0.0
2450000,632000,5,4,1.0,0.0,0.0,0.0,0.0,0.0
305000,518500,2,2,0.0,1.0,0.0,0.0,0.0,0.0
500000,365000,4,3,0.0,0.0,0.0,1.0,0.0,0.0
395000,410000,3,2,0.0,0.0,0.0,0.0,1.0,0.0
850000,605000,3,2,0.0,1.0,0.0,0.0,0.0,0.0
325000,365000,2,1,0.0,0.0,0.0,1.0,0.0,0.0
365000,433000,2,1,1.0,0.0,0.0,0.0,0.0,0.0
480000,355000,4,2,0.0,0.0,0.0,0.0,0.0,1.0
735000,400000,3,1,1.0,0.0,0.0,0.0,0.0,0.0
399000,400000,2,1,0.0,0.0,0.0,1.0,0.0,0.0
725000,518500,4,3,1.0,0.0,0.0,0.0,0.0,0.0
475000,355000,3,2,1.0,0.0,0.0,0.0,0.0,0.0
340000,632000,2,1,0.0,1.0,0.0,0.0,0.0,0.0
475000,365000,3,1,0.0,0.0,0.0,1.0,0.0,0.0
220000,355000,1,1,0.0,1.0,0.0,0.0,0.0,0.0
410000,347500,3,2,0.0,0.0,0.0,1.0,0.0,0.0
315000,304000,2,2,0.0,1.0,0.0,0.0,0.0,0.0
399950,275000,3,1,1.0,0.0,0.0,0.0,0.0,0.0
795000,518500,2,2,0.0,1.0,0.0,0.0,0.0,0.0
1095000,518500,5,2,0.0,0.0,0.0,0.0,0.0,1.0
595000,632000,4,2,0.0,0.0,0.0,0.0,1.0,0.0
400000,365000,3,2,1.0,0.0,0.0,0.0,0.0,0.0
435000,340000,4,3,1.0,0.0,0.0,0.0,0.0,0.0
580000,320000,4,2,1.0,0.0,0.0,0.0,0.0,0.0
595000,605000,3,2,0.0,0.0,0.0,0.0,1.0,0.0
995000,518500,5,4,0.0,0.0,0.0,0.0,0.0,1.0
280000,365000,2,1,0.0,0.0,0.0,1.0,0.0,0.0
2250000,605000,5,3,1.0,0.0,0.0,0.0,0.0,0.0
425000,320000,3,2,1.0,0.0,0.0,0.0,0.0,0.0
375000,343000,2,1,0.0,0.0,0.0,1.0,0.0,0.0
850000,518500,2,2,0.0,1.0,0.0,0.0,0.0,0.0
575000,510000,2,2,0.0,1.0,0.0,0.0,0.0,0.0
375000,632000,2,2,0.0,1.0,0.0,0.0,0.0,0.0
395000,275000,3,1,1.0,0.0,0.0,0.0,0.0,0.0
279000,304000,1,1,0.0,1.0,0.0,0.0,0.0,0.0
500000,355000,4,3,0.0,0.0,0.0,0.0,0.0,1.0
695000,365000,4,2,0.0,0.0,0.0,1.0,0.0,0.0
410000,340000,3,3,0.0,0.0,0.0,1.0,0.0,0.0
495000,518500,3,2,1.0,0.0,0.0,0.0,0.0,0.0
289950,315000,3,1,1.0,0.0,0.0,0.0,0.0,0.0
2500000,518500,5,3,0.0,0.0,0.0,0.0,0.0,1.0
450000,433000,3,2,0.0,0.0,0.0,0.0,1.0,0.0
225000,304000,1,1,0.0,1.0,0.0,0.0,0.0,0.0
394950,518500,2,2,0.0,1.0,0.0,0.0,0.0,0.0
285000,304000,1,1,0.0,1.0,0.0,0.0,0.0,0.0
275000,275000,4,2,0.0,0.0,0.0,0.0,0.0,1.0
525000,518500,3,2,1.0,0.0,0.0,0.0,0.0,0.0
950000,605000,3,3,0.0,1.0,0.0,0.0,0.0,0.0
480000,410000,3,1,0.0,0.0,0.0,0.0,1.0,0.0
645000,315000,4,2,0.0,0.0,0.0,0.0,0.0,1.0
1350000,605000,5,4,1.0,0.0,0.0,0.0,0.0,0.0
450000,375000,2,2,0.0,1.0,0.0,0.0,0.0,0.0
325000,347500,3,1,0.0,0.0,1.0,0.0,0.0,0.0
290000,355000,2,2,0.0,1.0,0.0,0.0,0.0,0.0
285000,433000,2,1,0.0,0.0,0.0,1.0,0.0,0.0
495000,340000,4,3,1.0,0.0,0.0,0.0,0.0,0.0
2200000,605000,5,3,0.0,0.0,0.0,1.0,0.0,0.0
390000,320000,3,3,0.0,0.0,0.0,0.0,1.0,0.0
260000,275000,2,2,0.0,1.0,0.0,0.0,0.0,0.0
1250000,410000,4,2,0.0,0.0,0.0,0.0,0.0,1.0
875000,433000,5,3,1.0,0.0,0.0,0.0,0.0,0.0
398000,595000,2,1,0.0,0.0,0.0,0.0,1.0,0.0
570000,632000,3,2,0.0,0.0,0.0,1.0,0.0,0.0
1200000,433000,4,3,0.0,0.0,0.0,1.0,0.0,0.0
295000,304000,1,2,0.0,1.0,0.0,0.0,0.0,0.0
325000,510000,2,2,0.0,1.0,0.0,0.0,0.0,0.0
495000,365000,4,4,0.0,0.0,0.0,1.0,0.0,0.0
500000,632000,2,2,0.0,1.0,0.0,0.0,0.0,0.0
220000,343000,1,1,0.0,1.0,0.0,0.0,0.0,0.0
795000,632000,4,2,1.0,0.0,0.0,0.0,0.0,0.0
1350000,605000,4,2,1.0,0.0,0.0,0.0,0.0,0.0
735000,304000,10,10,0.0,0.0,0.0,1.0,0.0,0.0
275000,275000,3,3,1.0,0.0,0.0,0.0,0.0,0.0
425000,320000,4,1,0.0,0.0,0.0,1.0,0.0,0.0
290000,275000,2,3,0.0,0.0,0.0,1.0,0.0,0.0
695000,355000,4,2,0.0,0.0,0.0,0.0,0.0,1.0
285000,433000,1,1,0.0,1.0,0.0,0.0,0.0,0.0
525000,433000,3,2,0.0,0.0,0.0,0.0,0.0,1.0
315000,340000,4,3,0.0,0.0,0.0,1.0,0.0,0.0
295000,365000,2,1,0.0,1.0,0.0,0.0,0.0,0.0
260000,275000,2,2,0.0,1.0,0.0,0.0,0.0,0.0
1450000,433000,6,4,1.0,0.0,0.0,0.0,0.0,0.0
495000,375000,2,2,0.0,1.0,0.0,0.0,0.0,0.0
229000,355000,2,2,0.0,1.0,0.0,0.0,0.0,0.0
295000,347500,3,1,0.0,0.0,0.0,1.0,0.0,0.0
420000,433000,3,2,0.0,0.0,0.0,0.0,1.0,0.0
1725000,304000,10,7,0.0,1.0,0.0,0.0,0.0,0.0
310000,343000,2,1,0.0,1.0,0.0,0.0,0.0,0.0
539000,595000,4,2,1.0,0.0,0.0,0.0,0.0,0.0
239000,275000,3,2,0.0,0.0,0.0,1.0,0.0,0.0
550000,510000,4,3,1.0,0.0,0.0,0.0,0.0,0.0
1050000,433000,3,2,1.0,0.0,0.0,0.0,0.0,0.0
475000,605000,3,2,0.0,0.0,0.0,1.0,0.0,0.0
695000,632000,3,1,0.0,0.0,0.0,1.0,0.0,0.0
1150000,433000,4,2,0.0,0.0,0.0,0.0,0.0,1.0
315000,518500,2,2,0.0,1.0,0.0,0.0,0.0,0.0
395000,518500,3,3,0.0,1.0,0.0,0.0,0.0,0.0
840000,605000,3,3,0.0,0.0,0.0,1.0,0.0,0.0
405000,433000,2,2,0.0,1.0,0.0,0.0,0.0,0.0
1350000,632000,3,2,0.0,0.0,0.0,1.0,0.0,0.0
620000,632000,3,3,0.0,1.0,0.0,0.0,0.0,0.0
525000,347500,4,3,0.0,0.0,0.0,0.0,1.0,0.0
375000,632000,1,1,0.0,1.0,0.0,0.0,0.0,0.0
325000,343000,2,1,0.0,0.0,0.0,1.0,0.0,0.0
560000,365000,4,2,1.0,0.0,0.0,0.0,0.0,0.0
495000,355000,3,3,1.0,0.0,0.0,0.0,0.0,0.0
439500,340000,4,3,0.0,0.0,0.0,0.0,0.0,1.0
355000,343000,2,2,0.0,1.0,0.0,0.0,0.0,0.0
995000,632000,4,1,1.0,0.0,0.0,0.0,0.0,0.0
399000,595000,2,1,0.0,0.0,0.0,1.0,0.0,0.0
895000,518500,4,2,0.0,0.0,0.0,0.0,0.0,1.0
255000,304000,1,1,0.0,1.0,0.0,0.0,0.0,0.0
590000,355000,3,3,1.0,0.0,0.0,0.0,0.0,0.0
250000,355000,2,1,0.0,1.0,0.0,0.0,0.0,0.0
220000,355000,3,1,0.0,0.0,0.0,1.0,0.0,0.0
295000,632000,1,1,0.0,1.0,0.0,0.0,0.0,0.0
395000,595000,2,1,0.0,0.0,0.0,1.0,0.0,0.0
530000,375000,3,2,0.0,1.0,0.0,0.0,0.0,0.0
395000,343000,3,2,0.0,1.0,0.0,0.0,0.0,0.0
259000,275000,3,1,0.0,0.0,0.0,1.0,0.0,0.0
450000,343000,3,1,0.0,0.0,0.0,1.0,0.0,0.0
450000,304000,2,2,0.0,1.0,0.0,0.0,0.0,0.0
389000,315000,3,1,0.0,0.0,1.0,0.0,0.0,0.0
285000,433000,2,1,0.0,0.0,0.0,0.0,1.0,0.0
695000,352750,3,2,0.0,0.0,0.0,0.0,0.0,1.0
300000,347500,3,1,0.0,0.0,0.0,1.0,0.0,0.0
995000,595000,5,4,0.0,0.0,0.0,0.0,0.0,1.0
250000,365000,1,1,0.0,1.0,0.0,0.0,0.0,0.0
285000,304000,2,1,0.0,1.0,0.0,0.0,0.0,0.0
219950,340000,1,1,0.0,1.0,0.0,0.0,0.0,0.0
675000,632000,3,2,0.0,1.0,0.0,0.0,0.0,0.0
245000,410000,2,2,0.0,1.0,0.0,0.0,0.0,0.0
550000,375000,2,2,0.0,1.0,0.0,0.0,0.0,0.0
235000,605000,1,1,0.0,1.0,0.0,0.0,0.0,0.0
325000,304000,2,1,0.0,1.0,0.0,0.0,0.0,0.0
379950,265000,4,3,1.0,0.0,0.0,0.0,0.0,0.0
395000,518500,2,2,0.0,1.0,0.0,0.0,0.0,0.0
465000,355000,3,2,0.0,0.0,0.0,1.0,0.0,0.0
280000,343000,2,1,0.0,1.0,0.0,0.0,0.0,0.0
325000,518500,2,2,0.0,1.0,0.0,0.0,0.0,0.0
995000,595000,3,3,0.0,0.0,0.0,0.0,0.0,1.0
249000,275000,3,1,0.0,0.0,0.0,0.0,1.0,0.0
320000,343000,2,2,0.0,0.0,0.0,0.0,1.0,0.0
750000,595000,3,2,1.0,0.0,0.0,0.0,0.0,0.0
235000,355000,1,1,0.0,1.0,0.0,0.0,0.0,0.0
325000,355000,4,2,0.0,0.0,0.0,1.0,0.0,0.0
365000,518500,2,2,0.0,1.0,0.0,0.0,0.0,0.0
450000,632000,2,1,0.0,0.0,0.0,1.0,0.0,0.0
410000,355000,4,4,0.0,0.0,0.0,0.0,1.0,0.0
1575000,632000,3,3,0.0,0.0,0.0,1.0,0.0,0.0
250000,275000,2,2,0.0,1.0,0.0,0.0,0.0,0.0
1295000,518500,5,3,0.0,0.0,0.0,0.0,0.0,1.0
215000,365000,1,1,0.0,1.0,0.0,0.0,0.0,0.0
675000,347500,2,1,0.0,0.0,1.0,0.0,0.0,0.0
290000,320000,2,2,0.0,1.0,0.0,0.0,0.0,0.0
1425000,605000,3,3,1.0,0.0,0.0,0.0,0.0,0.0
395000,320000,3,1,1.0,0.0,0.0,0.0,0.0,0.0
345000,343000,3,1,0.0,0.0,0.0,1.0,0.0,0.0
295000,340000,3,2,0.0,0.0,0.0,1.0,0.0,0.0
390000,315000,3,2,1.0,0.0,0.0,0.0,0.0,0.0
775000,365000,3,3,0.0,0.0,0.0,1.0,0.0,0.0
595000,518500,3,1,0.0,0.0,0.0,1.0,0.0,0.0
480000,400000,3,1,0.0,0.0,0.0,0.0,1.0,0.0
545000,510000,3,3,1.0,0.0,0.0,0.0,0.0,0.0
285000,246000,3,1,0.0,0.0,0.0,1.0,0.0,0.0
325000,595000,2,1,0.0,1.0,0.0,0.0,0.0,0.0
250000,347500,3,2,1.0,0.0,0.0,0.0,0.0,0.0
270000,315000,2,1,0.0,0.0,0.0,1.0,0.0,0.0
815000,433000,3,2,1.0,0.0,0.0,0.0,0.0,0.0
350000,343000,2,1,0.0,0.0,0.0,0.0,1.0,0.0
500000,605000,2,2,1.0,0.0,0.0,0.0,0.0,0.0
285000,355000,3,1,1.0,0.0,0.0,0.0,0.0,0.0
575000,605000,2,1,0.0,0.0,0.0,1.0,0.0,0.0
450000,355000,4,3,1.0,0.0,0.0,0.0,0.0,0.0
350000,347500,2,1,0.0,0.0,0.0,1.0,0.0,0.0
550000,433000,3,4,0.0,0.0,0.0,0.0,1.0,0.0
1245000,632000,3,3,0.0,0.0,0.0,1.0,0.0,0.0
475000,365000,3,2,0.0,0.0,0.0,1.0,0.0,0.0
300000,265000,3,1,0.0,0.0,0.0,1.0,0.0,0.0
2000000,410000,3,3,0.0,0.0,0.0,0.0,0.0,1.0
285000,304000,2,1,0.0,1.0,0.0,0.0,0.0,0.0
595000,632000,4,2,0.0,0.0,0.0,0.0,0.0,1.0
250000,320000,2,2,0.0,1.0,0.0,0.0,0.0,0.0
2500000,632000,5,5,0.0,0.0,0.0,1.0,0.0,0.0
725000,433000,2,2,0.0,0.0,0.0,0.0,0.0,1.0
290000,365000,2,2,0.0,1.0,0.0,0.0,0.0,0.0
270000,347500,2,1,0.0,0.0,0.0,1.0,0.0,0.0
395000,510000,2,2,0.0,1.0,0.0,0.0,0.0,0.0
275000,355000,3,2,0.0,0.0,0.0,1.0,0.0,0.0
450000,343000,2,2,0.0,0.0,0.0,1.0,0.0,0.0
260000,605000,1,1,0.0,1.0,0.0,0.0,0.0,0.0
695000,595000,4,3,1.0,0.0,0.0,0.0,0.0,0.0
225000,343000,1,1,0.0,1.0,0.0,0.0,0.0,0.0
550000,632000,3,2,0.0,1.0,0.0,0.0,0.0,0.0
1100000,375000,3,2,0.0,0.0,0.0,0.0,1.0,0.0
385000,304000,2,1,0.0,1.0,0.0,0.0,0.0,0.0
585000,605000,3,3,0.0,0.0,0.0,1.0,0.0,0.0
495000,433000,2,1,0.0,0.0,0.0,0.0,1.0,0.0
1050000,632000,3,3,1.0,0.0,0.0,0.0,0.0,0.0
795000,595000,4,3,0.0,0.0,0.0,0.0,0.0,1.0
325000,340000,3,2,0.0,0.0,0.0,0.0,1.0,0.0
325000,347500,2,1,0.0,0.0,0.0,1.0,0.0,0.0
325000,433000,3,1,1.0,0.0,0.0,0.0,0.0,0.0
300000,340000,3,3,0.0,0.0,0.0,1.0,0.0,0.0
925000,518500,4,3,0.0,0.0,0.0,0.0,0.0,1.0
695000,595000,3,3,1.0,0.0,0.0,0.0,0.0,0.0
595000,605000,3,1,1.0,0.0,0.0,0.0,0.0,0.0
405000,343000,4,2,0.0,0.0,0.0,1.0,0.0,0.0
595000,632000,2,2,0.0,0.0,0.0,0.0,1.0,0.0
725000,375000,2,2,0.0,1.0,0.0,0.0,0.0,0.0
395000,595000,2,1,0.0,0.0,0.0,1.0,0.0,0.0
415000,347500,4,2,1.0,0.0,0.0,0.0,0.0,0.0
495000,518500,3,1,0.0,0.0,0.0,1.0,0.0,0.0
295000,340000,3,2,0.0,0.0,0.0,1.0,0.0,0.0
375500,355000,2,2,0.0,1.0,0.0,0.0,0.0,0.0
900000,632000,3,3,0.0,0.0,0.0,1.0,0.0,0.0
420000,355000,4,3,1.0,0.0,0.0,0.0,0.0,0.0
1500000,632000,3,4,0.0,1.0,0.0,0.0,0.0,0.0
1950000,518500,4,3,0.0,0.0,0.0,0.0,0.0,1.0
375000,410000,3,3,1.0,0.0,0.0,0.0,0.0,0.0
230000,365000,1,1,0.0,1.0,0.0,0.0,0.0,0.0
